lambda0,X,Y,Z,Jp,ap,bp,L,a,b,sR,sG,sB,dE_substrate
0,39.2502,41.5447,50.4376,73.159,-3.26909,-6.14368,70.5558,-0.745373,-5.50407,0.651373,0.679926,0.715402,0
400,39.9743,40.7503,103.77,71.4945,-9.79366,-27.6962,70.0006,3.92384,-48.5283,0.425702,0.680083,1,22.5798
402,40.7286,41.2523,104.274,71.8975,-9.2038,-27.6464,70.3523,4.7492,-48.2401,0.443988,0.68177,1,22.3424
404,41.4817,41.7675,104.727,72.3046,-8.62926,-27.5752,70.7103,5.51544,-47.9079,0.461402,0.683624,1,22.1082
406,42.2267,42.3016,105.133,72.7179,-8.09184,-27.48,71.0784,6.18619,-47.5279,0.477666,0.685769,1,21.879
408,42.9573,42.8601,105.495,73.1391,-7.61194,-27.3592,71.4599,6.72914,-47.0969,0.492572,0.688322,1,21.6555
410,43.668,43.4484,105.818,73.57,-7.20799,-27.2121,71.8583,7.11674,-46.6121,0.505967,0.691387,1,21.4374
412,44.354,44.0708,106.107,74.0119,-6.89571,-27.0383,72.2758,7.327,-46.072,0.517742,0.695047,1,21.2242
414,45.0113,44.7304,106.364,74.4654,-6.68746,-26.8383,72.714,7.34437,-45.4766,0.527829,0.699362,1,21.0157
416,45.6362,45.4288,106.594,74.9301,-6.59194,-26.6128,73.1734,7.15993,-44.8273,0.536191,0.704358,1,20.8125
418,46.2256,46.1658,106.798,75.405,-6.61425,-26.3623,73.653,6.77087,-44.1273,0.542815,0.71004,1,20.6162
420,46.7769,46.9401,106.98,75.8886,-6.75643,-26.0876,74.1514,6.17908,-43.3806,0.547707,0.716386,1,20.4296
422,47.288,47.7501,107.141,76.3792,-7.01812,-25.7884,74.667,5.38948,-42.5916,0.55088,0.723365,1,20.2569
424,47.758,48.594,107.284,76.8754,-7.3971,-25.4642,75.1981,4.40867,-41.7641,0.552355,0.730942,1,20.1031
426,48.1867,49.4709,107.409,77.3764,-7.88951,-25.1131,75.7434,3.24433,-40.9013,0.552156,0.739078,1,19.9744
428,48.5753,50.3802,107.518,77.8816,-8.48972,-24.733,76.302,1.90518,-40.0057,0.550314,0.747738,1,19.8777
430,48.9256,51.3213,107.613,78.3907,-9.19005,-24.3213,76.8732,0.401535,-39.0793,0.546866,0.756881,1,19.8205
432,49.2402,52.2939,107.695,78.9036,-9.9805,-23.8754,77.4562,-1.25418,-38.1243,0.541861,0.766461,1,19.8106
434,49.5225,53.2968,107.764,79.4198,-10.8487,-23.3937,78.0499,-3.04708,-37.1433,0.535358,0.776426,1,19.8548
436,49.7763,54.3284,107.821,79.9387,-11.7801,-22.8755,78.6528,-4.95993,-36.1393,0.527434,0.786715,1,19.9588
438,50.0057,55.3865,107.868,80.4596,-12.7587,-22.3213,79.2634,-6.97342,-35.1156,0.518176,0.797264,1,20.1263
440,50.2154,56.4686,107.905,80.9818,-13.7675,-21.7333,79.8798,-9.06678,-34.0756,0.507693,0.808004,1,20.3581
442,50.4108,57.5723,107.933,81.5044,-14.7897,-21.115,80.5004,-11.2183,-33.0226,0.496111,0.818867,1,20.6521
444,50.5975,58.6949,107.951,82.0269,-15.8091,-20.4708,81.1236,-13.4055,-31.9594,0.483585,0.829791,1,21.0037
446,50.7817,59.8342,107.96,82.549,-16.8106,-19.8059,81.748,-15.6057,-30.8885,0.470297,0.840714,1,21.4056
448,50.9703,60.9884,107.96,83.0704,-17.7809,-19.1261,82.3725,-17.7959,-29.8117,0.456471,0.851579,1,21.8489
450,51.1704,62.1556,107.95,83.5913,-18.7086,-18.4367,82.9961,-19.953,-28.7305,0.44238,0.862334,1,22.3233
452,51.3895,63.3345,107.93,84.1117,-19.5839,-17.7428,83.6181,-22.0543,-27.6457,0.428346,0.872932,1,22.8183
454,51.635,64.5237,107.899,84.6319,-20.399,-17.049,84.2377,-24.0771,-26.5582,0.414752,0.883327,1,23.3236
456,51.9141,65.7212,107.855,85.1518,-21.1477,-16.359,84.854,-26.0002,-25.4687,0.402027,0.893476,1,23.8291
458,52.2326,66.9247,107.798,85.671,-21.8256,-15.676,85.4659,-27.8034,-24.3783,0.39064,0.903335,1,24.3261
460,52.5953,68.1306,107.725,86.1886,-22.4296,-15.0026,86.0717,-29.469,-23.2886,0.381066,0.912862,1,24.8068
462,53.0055,69.3349,107.634,86.7033,-22.9581,-14.3409,86.6696,-30.9816,-22.2017,0.373765,0.922015,1,25.2646
464,53.4657,70.533,107.523,87.2137,-23.4102,-13.6922,87.2576,-32.3284,-21.1197,0.369152,0.930756,1,25.694
466,53.9777,71.7205,107.391,87.7185,-23.7857,-13.0576,87.8339,-33.4991,-20.0445,0.367566,0.939051,1,26.0905
468,54.5432,72.8938,107.235,88.2166,-24.0848,-12.4368,88.397,-34.4854,-18.977,0.369254,0.946873,1,26.4505
470,55.1643,74.0502,107.052,88.7075,-24.3078,-11.829,88.9462,-35.2812,-17.9169,0.374349,0.954207,1,26.7714
472,55.8432,75.1882,106.838,89.1911,-24.4552,-11.2318,89.4811,-35.883,-16.8623,0.382852,0.961042,1,27.0513
474,56.5814,76.3072,106.588,89.6676,-24.5279,-10.6419,90.0018,-36.2901,-15.8093,0.394628,0.967377,1,27.2893
476,57.3796,77.4066,106.295,90.1371,-24.5271,-10.0551,90.5084,-36.5052,-14.7535,0.409417,0.973218,0.998939,27.4856
478,58.2375,78.4863,105.951,90.5998,-24.4545,-9.4665,91.0013,-36.5343,-13.6898,0.426862,0.978575,0.996577,27.6413
480,59.1529,79.5457,105.551,91.0555,-24.3124,-8.87136,91.4806,-36.3866,-12.6132,0.446546,0.983462,0.993973,27.7587
482,60.1223,80.5841,105.086,91.5041,-24.1035,-8.26474,91.9463,-36.0745,-11.5193,0.468022,0.987894,0.99109,27.8409
484,61.1404,81.6003,104.55,91.9447,-23.8313,-7.64167,92.3982,-35.613,-10.4037,0.49085,0.991894,0.987894,27.8918
486,62.2003,82.5931,103.936,92.3767,-23.4999,-6.99701,92.836,-35.0202,-9.26219,0.514612,0.995483,0.984348,27.9166
488,63.2936,83.5606,103.238,92.799,-23.1137,-6.32545,93.2593,-34.3164,-8.09024,0.538924,0.99869,0.980411,27.9209
490,64.4105,84.501,102.448,93.2106,-22.6778,-5.62182,93.6677,-33.5231,-6.8836,0.563445,1,0.976044,27.9113
492,65.5409,85.4124,101.56,93.6102,-22.1972,-4.88153,94.0605,-32.6622,-5.63878,0.587877,1,0.971211,27.8949
494,66.674,86.2926,100.572,93.9968,-21.677,-4.10119,94.4373,-31.7551,-4.35363,0.611967,1,0.965889,27.879
496,67.7996,87.1395,99.4845,94.3691,-21.1219,-3.27922,94.7974,-30.8213,-3.02792,0.635508,1,0.960067,27.8711
498,68.9082,87.9514,98.3007,94.726,-20.5361,-2.4163,95.1405,-29.878,-1.66363,0.65833,1,0.953751,27.878
500,69.9915,88.7265,97.0281,95.0668,-19.9234,-1.51559,95.466,-28.9396,-0.264702,0.68031,1,0.946966,27.9059
502,71.0423,89.4636,95.6764,95.3908,-19.2872,-0.582352,95.7738,-28.0179,1.16385,0.701355,1,0.939745,27.96
504,72.0547,90.1617,94.255,95.6976,-18.6308,0.376703,96.0638,-27.1225,2.61717,0.72141,1,0.932122,28.0444
506,73.0237,90.8204,92.7712,95.9869,-17.9579,1.35436,96.3361,-26.2616,4.09202,0.740442,1,0.924122,28.162
508,73.9444,91.4397,91.2287,96.2588,-17.2727,2.3437,96.5908,-25.443,5.58786,0.758439,1,0.915749,28.315
510,74.8127,92.0197,89.6284,96.5133,-16.5804,3.33799,96.8283,-24.6738,7.10632,0.7754,1,0.906994,28.5047
512,75.6253,92.5607,87.9713,96.7507,-15.8875,4.32983,97.049,-23.9596,8.64906,0.791336,1,0.897846,28.7313
514,76.3803,93.0632,86.2623,96.9712,-15.2015,5.31051,97.2533,-23.3031,10.2153,0.80627,1,0.888315,28.9932
516,77.0775,93.5281,84.5111,97.1753,-14.5303,6.27048,97.4415,-22.7044,11.8007,0.820232,1,0.878438,29.2867
518,77.718,93.956,82.7306,97.3635,-13.8825,7.201,97.6143,-22.1611,13.3984,0.833259,1,0.868272,29.6071
520,78.3037,94.3481,80.9348,97.5361,-13.2656,8.09549,97.7721,-21.6697,15.0005,0.845396,1,0.857882,29.9488
522,78.837,94.7053,79.1369,97.694,-12.6858,8.95025,97.9155,-21.2261,16.5992,0.856686,1,0.847335,30.3063
524,79.3205,95.0289,77.3479,97.8377,-12.1469,9.76425,98.0451,-20.8263,18.188,0.867179,1,0.836688,30.6744
526,79.7569,95.3202,75.5759,97.9678,-11.6511,10.5387,98.1615,-20.4664,19.7619,0.876924,1,0.825983,31.049
528,80.1484,95.5804,73.8256,98.085,-11.1985,11.2766,98.2653,-20.1434,21.3185,0.885968,1,0.815248,31.4269
530,80.4973,95.811,72.0994,98.19,-10.7879,11.9815,98.3571,-19.8546,22.8569,0.894362,1,0.804495,31.8058
532,80.806,96.0132,70.3989,98.2835,-10.4172,12.6571,98.4375,-19.5972,24.3768,0.902151,1,0.793732,32.184
534,81.077,96.1883,68.7259,98.366,-10.0836,13.3062,98.507,-19.3679,25.8775,0.909383,1,0.782973,32.5596
536,81.313,96.3376,67.0836,98.4381,-9.78377,13.931,98.5662,-19.1634,27.3572,0.916101,1,0.772237,32.9313
538,81.5172,96.4624,65.4751,98.5006,-9.51423,14.5328,98.6157,-18.9798,28.8135,0.92235,1,0.761548,33.2974
540,81.6921,96.5639,63.9034,98.5539,-9.27153,15.1128,98.6559,-18.8134,30.2444,0.92817,1,0.75093,33.6566
542,81.8404,96.6431,62.3706,98.5986,-9.05238,15.6718,98.6872,-18.661,31.6481,0.933598,1,0.740399,34.0079
544,81.9647,96.701,60.8784,98.6351,-8.85363,16.2107,98.7101,-18.5191,33.0227,0.938672,1,0.729976,34.3502
546,82.0673,96.7385,59.4298,98.6638,-8.67223,16.7295,98.7249,-18.3844,34.3655,0.943423,1,0.719687,34.6825
548,82.151,96.7562,58.0289,98.6853,-8.50512,17.2276,98.7319,-18.2528,35.6721,0.947885,1,0.709572,35.0032
550,82.2186,96.755,56.6811,98.6997,-8.34926,17.7036,98.7314,-18.1201,36.9363,0.952086,1,0.699682,35.3105
552,82.2728,96.7353,55.3926,98.7076,-8.2016,18.156,98.7237,-17.9818,38.1514,0.956056,1,0.690076,35.6024
554,82.3163,96.6976,54.1687,98.7091,-8.05918,18.5828,98.7088,-17.8336,39.3102,0.959821,1,0.680814,35.8769
556,82.3514,96.6423,53.0135,98.7045,-7.91926,18.9829,98.6869,-17.6715,40.4071,0.963409,1,0.671946,36.1323
558,82.3798,96.5693,51.9282,98.6939,-7.77943,19.3556,98.658,-17.4922,41.4383,0.966843,1,0.663506,36.3674
560,82.4027,96.4788,50.9112,98.6775,-7.63773,19.7014,98.6222,-17.2937,42.4033,0.970146,1,0.655502,36.582
562,82.4204,96.3706,49.9579,98.6552,-7.4927,20.0217,98.5793,-17.0748,43.3044,0.973338,1,0.647917,36.7767
564,82.4331,96.2447,49.0614,98.6273,-7.34334,20.3189,98.5294,-16.8351,44.1466,0.976438,1,0.640716,36.9527
566,82.4407,96.1009,48.2145,98.5935,-7.18891,20.5953,98.4723,-16.5747,44.9354,0.979461,1,0.633854,37.1114
568,82.4428,95.9392,47.4109,98.554,-7.02881,20.8531,98.4081,-16.2936,45.6763,0.98242,1,0.627293,37.2541
570,82.4396,95.7595,46.6455,98.5088,-6.86244,21.094,98.3366,-15.9916,46.3732,0.985329,1,0.621001,37.382
572,82.4313,95.5618,45.9149,98.4578,-6.68915,21.3192,98.2579,-15.6682,47.0287,0.988198,1,0.61496,37.4958
574,82.4183,95.3461,45.2169,98.4011,-6.50823,21.5292,98.1718,-15.3226,47.6441,0.991039,1,0.609161,37.5958
576,82.4009,95.1124,44.5502,98.3388,-6.31883,21.7245,98.0785,-14.9537,48.2201,0.99386,1,0.603599,37.6823
578,82.3796,94.8603,43.9134,98.2706,-6.11999,21.9052,97.9776,-14.56,48.757,0.996673,0.999753,0.598273,37.7553
580,82.3547,94.5893,43.3046,98.1966,-5.91054,22.0718,97.8689,-14.1396,49.2557,0.999492,0.997509,0.593175,37.815
582,82.3264,94.2982,42.7213,98.1163,-5.68912,22.2247,97.752,-13.6903,49.7174,1,0.995111,0.588292,37.8614
584,82.2947,93.9857,42.1607,98.0293,-5.45412,22.3645,97.6262,-13.2092,50.1437,1,0.992546,0.583606,37.8949
586,82.2597,93.65,41.6199,97.9351,-5.20373,22.4917,97.4908,-12.6929,50.5361,1,0.989796,0.5791,37.9155
588,82.2215,93.2892,41.0963,97.8332,-4.93602,22.6067,97.3448,-12.1377,50.8957,1,0.986843,0.574758,37.9234
590,82.1801,92.9015,40.5881,97.723,-4.64899,22.7094,97.1876,-11.54,51.2229,1,0.983667,0.570571,37.9183
592,82.1355,92.485,40.0942,97.6039,-4.34074,22.7996,97.0182,-10.896,51.517,1,0.980252,0.566536,37.9001
594,82.0877,92.0382,39.6145,97.4752,-4.00955,22.8766,96.8359,-10.2027,51.7766,1,0.976579,0.562661,37.8683
596,82.0366,91.5597,39.15,97.3367,-3.65395,22.9395,96.64,-9.45727,51.9991,1,0.972634,0.55896,37.8225
598,81.9819,91.0485,38.7018,97.1876,-3.27272,22.9871,96.43,-8.65779,52.1817,1,0.968405,0.555452,37.7622
600,81.9232,90.5037,38.2718,97.0278,-2.86494,23.0182,96.2053,-7.8029,52.321,1,0.963883,0.552161,37.6868
602,81.8599,89.9247,37.8615,96.8567,-2.43002,23.0313,95.9655,-6.89197,52.4137,1,0.959059,0.549111,37.5961
604,81.7912,89.3114,37.473,96.6742,-1.96773,23.0253,95.7104,-5.92526,52.4565,1,0.953929,0.546326,37.4899
606,81.7162,88.6637,37.1079,96.4799,-1.47828,22.9991,95.4397,-4.90393,52.4464,1,0.948493,0.543827,37.3681
608,81.6337,87.9822,36.7677,96.2737,-0.96231,22.9515,95.1535,-3.83008,52.381,1,0.942753,0.541635,37.231
610,81.5424,87.2676,36.4538,96.0556,-0.42087,22.8819,94.8517,-2.70665,52.2583,1,0.936715,0.539764,37.079
612,81.4409,86.521,36.1669,95.8255,0.144617,22.7897,94.5347,-1.53733,52.0769,1,0.930387,0.538226,36.9129
614,81.3277,85.7437,35.9075,95.5835,0.732407,22.6746,94.2027,-0.326397,51.8364,1,0.923783,0.537024,36.7337
616,81.2013,84.9373,35.6754,95.3298,1.34047,22.5369,93.8561,0.921347,51.5372,1,0.916915,0.536156,36.5427
618,81.0602,84.1036,35.4698,95.0645,1.96653,22.3771,93.4955,2.20071,51.1808,1,0.909799,0.535611,36.3414
620,80.9028,83.2444,35.2894,94.7878,2.60811,22.196,93.1214,3.50619,50.7695,1,0.902454,0.535371,36.1315
622,80.7277,82.3619,35.1322,94.5001,3.26258,21.9949,92.7344,4.83214,50.3065,1,0.894898,0.535412,35.915
624,80.5335,81.4581,34.9958,94.2017,3.92724,21.7755,92.3352,6.17288,49.796,1,0.887151,0.535703,35.694
626,80.319,80.5351,34.8773,93.8929,4.59936,21.5394,91.9244,7.52277,49.2426,1,0.879233,0.536209,35.4706
628,80.0829,79.5951,34.7739,93.5741,5.2762,21.2888,91.5029,8.87624,48.6512,1,0.871165,0.536894,35.2469
630,79.8244,78.6403,34.6824,93.2457,5.95496,21.0257,91.0713,10.2277,48.0271,1,0.862968,0.537719,35.0248
632,79.5426,77.6733,34.5997,92.9084,6.63275,20.7523,90.6306,11.5715,47.3759,1,0.854667,0.538646,34.8063
634,79.2371,76.6968,34.5232,92.5626,7.3065,20.4709,90.1819,12.9016,46.7029,1,0.846288,0.539641,34.5931
636,78.9075,75.7138,34.4501,92.2093,7.97308,20.1836,89.7263,14.212,46.0137,1,0.837861,0.540668,34.3864
638,78.5539,74.7274,34.3782,91.8493,8.62936,19.8926,89.2652,15.4967,45.3135,1,0.829418,0.541701,34.1875
640,78.1765,73.7407,34.3058,91.4835,9.27239,19.5997,88.7998,16.75,44.6068,1,0.820987,0.542712,33.997
642,77.7758,72.7563,34.2312,91.1127,9.89965,19.3065,88.3313,17.9673,43.8978,1,0.812597,0.543681,33.8152
644,77.3521,71.7761,34.1534,90.7377,10.5092,19.0143,87.8607,19.1451,43.1895,1,0.804267,0.544595,33.6419
646,76.9059,70.8014,34.0716,90.3587,11.1,18.7238,87.3884,20.2815,42.4839,1,0.796013,0.545442,33.4768
648,76.4376,69.8326,33.9851,89.9759,11.6716,18.4353,86.9147,21.376,41.7819,1,0.787838,0.546218,33.3191
650,75.9474,68.8692,33.8938,89.589,12.2242,18.149,86.4392,22.4293,41.0838,1,0.779742,0.546919,33.1681
652,75.4355,67.9106,33.7976,89.1978,12.7584,17.8644,85.9617,23.4427,40.3889,1,0.771719,0.547548,33.0229
654,74.902,66.9558,33.6963,88.8019,13.2751,17.5812,85.4816,24.4181,39.6965,1,0.763761,0.548107,32.8828
656,74.3471,66.0041,33.5903,88.4008,13.7749,17.2989,84.9985,25.3571,39.0056,1,0.75586,0.548599,32.747
658,73.7709,65.055,33.4797,87.9943,14.2585,17.0172,84.5121,26.2607,38.3154,1,0.748011,0.549027,32.6149
660,73.1739,64.1083,33.365,87.5821,14.7261,16.7357,84.0221,27.1296,37.625,1,0.740215,0.549397,32.4857
662,72.5564,63.1642,33.2465,87.1644,15.1775,16.4542,83.5287,27.9637,36.9341,1,0.732473,0.549714,32.3588
664,71.919,62.2234,33.125,86.7413,15.6123,16.1725,83.0321,28.7623,36.2421,1,0.724793,0.549981,32.2335
666,71.2622,61.2865,33.0011,86.3128,16.0301,15.8906,82.5325,29.5242,35.5487,1,0.717182,0.550207,32.1091
668,70.5866,60.3544,32.8758,85.8794,16.4301,15.6082,82.0305,30.2483,34.8533,1,0.709653,0.5504,31.9846
670,69.8927,59.4278,32.7501,85.4412,16.8118,15.325,81.5262,30.9332,34.155,1,0.702214,0.550567,31.859
672,69.1809,58.5073,32.6252,84.9984,17.1745,15.0407,81.02,31.5778,33.4529,1,0.694875,0.550721,31.7315
674,68.4514,57.5931,32.5021,84.551,17.5179,14.7547,80.512,32.1809,32.7456,1,0.687644,0.550872,31.6009
676,67.7046,56.6855,32.3821,84.099,17.8414,14.4665,80.0024,32.7417,32.0316,1,0.680527,0.551031,31.4661
678,66.9404,55.7847,32.2662,83.6424,18.1447,14.1755,79.4912,33.2589,31.3095,1,0.673531,0.55121,31.3261
680,66.159,54.8909,32.1557,83.1813,18.4272,13.8812,78.9784,33.7314,30.5779,1,0.666664,0.55142,31.1797
682,65.3606,54.0044,32.0515,82.7156,18.6883,13.5831,78.4643,34.1576,29.8355,1,0.659935,0.55167,31.0258
684,64.5454,53.1255,31.9546,82.2454,18.927,13.2806,77.949,34.5359,29.0813,1,0.653353,0.551971,30.8632
686,63.7136,52.2548,31.866,81.7708,19.1427,12.9735,77.4329,34.8645,28.3145,1,0.646932,0.552329,30.6907
688,62.8657,51.3928,31.7864,81.2922,19.3343,12.6614,76.9163,35.1413,27.5344,1,0.640682,0.552753,30.5073
690,62.0022,50.5403,31.7167,80.8098,19.5007,12.3442,76.3997,35.3644,26.7407,1,0.634618,0.553248,30.3117
692,61.1241,49.6983,31.6576,80.3241,19.641,12.0216,75.8837,35.5317,25.9335,1,0.628755,0.553821,30.1029
694,60.2324,48.8679,31.6094,79.8356,19.7539,11.6938,75.3691,35.6411,25.1134,1,0.62311,0.554474,29.88
696,59.3287,48.0505,31.5727,79.3453,19.8383,11.3612,74.8568,35.6905,24.2815,1,0.6177,0.555209,29.6419
698,58.4149,47.2479,31.5473,78.8542,19.8929,11.0243,74.348,35.6781,23.4398,1,0.612545,0.556022,29.388
700,57.4935,46.4621,31.5331,78.3637,19.9165,10.6841,73.8444,35.6019,22.5913,0.99634,0.607666,0.556908,29.1177
