layers,X,Y,Z,Jp,ap,bp,L,a,b,sR,sG,sB,dE_substrate
0,21.0365,17.9782,44.8001,51.9614,4.48795,-22.3946,49.4696,20.2515,-35.8654,0.463711,0.426236,0.700415,0
1,19.8248,16.5435,44.7947,50.0664,4.33815,-23.609,47.6797,22.0444,-38.9455,0.442706,0.405606,0.701952,2.25574
2,18.7157,15.2592,44.82,48.2588,4.05374,-24.7241,45.9872,23.7035,-41.8916,0.421536,0.386341,0.703538,4.39596
3,17.7034,14.1137,44.873,46.5437,3.64458,-25.7442,44.3956,25.2213,-44.6943,0.40019,0.368481,0.705163,6.42511
4,16.7821,13.0966,44.9509,44.926,3.12063,-26.6722,42.9084,26.5899,-47.3445,0.378651,0.35207,0.70682,8.34652
5,15.9465,12.1979,45.0511,43.4104,2.49243,-27.5109,41.529,27.8007,-49.8334,0.356886,0.33715,0.7085,10.1625
6,15.1915,11.4088,45.1713,42.0015,1.77154,-28.2621,40.2606,28.8451,-52.1526,0.33485,0.323764,0.710198,11.8746
7,14.5122,10.7208,45.3093,40.7032,0.970813,-28.928,39.1062,29.7151,-54.2948,0.312481,0.311948,0.711907,13.4834
8,13.9042,10.1262,45.4634,39.5193,0.10446,-29.5107,38.0681,30.4038,-56.2536,0.289691,0.301729,0.713623,14.9886
9,13.3629,9.618,45.6316,38.4528,-0.812041,-30.0128,37.1479,30.906,-58.0242,0.266356,0.293119,0.715342,16.3893
10,12.8843,9.18945,45.8123,37.5057,-1.76226,-30.4376,36.3465,31.2187,-59.6033,0.242304,0.286115,0.717058,17.6839
