thickness_nm,X,Y,Z,Jp,ap,bp,L,a,b,sR,sG,sB,dE_substrate
0,15.0306,14.8935,29.8644,47.4766,-2.52209,-17.7496,45.488,5.35157,-23.9225,0.364341,0.418406,0.578167,0
1,15.4321,15.4318,32.0227,48.1333,-3.691,-18.6493,46.22,4.58349,-25.7183,0.354549,0.427858,0.597464,1.61465
2,15.9384,16.1061,34.2003,48.9636,-4.7924,-19.3148,47.1133,3.68364,-27.1268,0.346474,0.43903,0.615981,3.13292
3,16.5439,16.9072,36.3766,49.9436,-5.80671,-19.7811,48.1429,2.69381,-28.176,0.340382,0.451604,0.633634,4.58279
4,17.2425,17.825,38.5336,51.0481,-6.72302,-20.0799,49.2832,1.65438,-28.9004,0.336492,0.465269,0.650375,5.98611
5,18.0277,18.8485,40.6565,52.2517,-7.53733,-20.2385,50.5095,0.60154,-29.3374,0.334952,0.479737,0.666181,7.3586
6,18.8926,19.9663,42.7327,53.5304,-8.25059,-20.2805,51.7991,-0.434273,-29.5248,0.335825,0.494747,0.681051,8.7103
7,19.8299,21.1667,44.7522,54.8618,-8.86707,-20.2258,53.1314,-1.42895,-29.4988,0.339079,0.510074,0.694996,10.0465
8,20.8322,22.4379,46.7071,56.2262,-9.39299,-20.0911,54.4886,-2.36458,-29.2933,0.34459,0.525523,0.708041,11.3687
9,21.8917,23.7685,48.5916,57.6062,-9.83554,-19.8904,55.8553,-3.22891,-28.9386,0.352165,0.540936,0.720216,12.6759
10,23.0009,25.1473,50.4012,58.9873,-10.2023,-19.6356,57.2187,-4.01447,-28.462,0.361558,0.556181,0.731558,13.9656
11,24.1522,26.5638,52.1332,60.3572,-10.5006,-19.3366,58.5683,-4.71776,-27.8871,0.372495,0.571152,0.742108,15.2344
12,25.338,28.0077,53.7858,61.706,-10.7377,-19.0015,59.8957,-5.33834,-27.2346,0.384696,0.58577,0.751905,16.4785
13,26.5513,29.4697,55.3584,63.0259,-10.9202,-18.6375,61.194,-5.8781,-26.5221,0.397891,0.59997,0.760992,17.6945
14,27.785,30.9413,56.851,64.3106,-11.0542,-18.2504,62.458,-6.3406,-25.7646,0.411832,0.613707,0.76941,18.8794
15,29.0325,32.4144,58.2644,65.5557,-11.1453,-17.8452,63.6839,-6.73054,-24.9746,0.426295,0.626949,0.777199,20.0306
16,30.2878,33.882,59.5997,66.7578,-11.1986,-17.426,64.8688,-7.05331,-24.1626,0.441089,0.639675,0.784398,21.146
17,31.5449,35.3378,60.8586,67.9148,-11.2188,-16.9964,66.0108,-7.31468,-23.3374,0.456047,0.651873,0.791043,22.2243
18,32.7986,36.7762,62.0429,69.0252,-11.2101,-16.5593,67.1088,-7.52054,-22.5062,0.471032,0.66354,0.797169,23.2645
19,34.044,38.1923,63.1548,70.0884,-11.1762,-16.117,68.1621,-7.67673,-21.6746,0.48593,0.674676,0.802807,24.2662
20,35.2768,39.5819,64.1962,71.1044,-11.1205,-15.6717,69.1707,-7.78886,-20.8474,0.50065,0.685288,0.807988,25.2294
21,36.4929,40.9415,65.1695,72.0736,-11.0461,-15.2248,70.1349,-7.8623,-20.0282,0.515118,0.695386,0.812741,26.1543
22,37.689,42.2681,66.0769,72.9968,-10.9558,-14.7777,71.0554,-7.90206,-19.2199,0.529275,0.704984,0.817089,27.0414
23,38.8619,43.5592,66.9205,73.875,-10.852,-14.3314,71.9329,-7.91277,-18.4244,0.543077,0.714095,0.821057,27.8917
24,40.0091,44.813,67.7026,74.7095,-10.7371,-13.8866,72.7686,-7.8987,-17.6433,0.556491,0.722736,0.824666,28.706
25,41.1282,46.0279,68.425,75.5015,-10.6129,-13.4439,73.5636,-7.86372,-16.8776,0.569492,0.730924,0.827935,29.4855
26,42.2173,47.2027,69.0899,76.2527,-10.4812,-13.0036,74.3192,-7.81135,-16.1278,0.582065,0.738678,0.830883,30.2314
27,43.275,48.3367,69.6989,76.9646,-10.3438,-12.5658,75.0368,-7.74476,-15.3942,0.594199,0.746014,0.833523,30.9449
28,44.2998,49.4293,70.2539,77.6386,-10.2019,-12.1305,75.7176,-7.66677,-14.6765,0.60589,0.752951,0.835871,31.6275
29,45.2907,50.4804,70.7563,78.2764,-10.0568,-11.6975,76.3632,-7.57992,-13.9745,0.617137,0.759506,0.837939,32.2805
30,46.247,51.4898,71.2075,78.8796,-9.90972,-11.2665,76.9748,-7.48647,-13.2875,0.627942,0.765697,0.839737,32.9052
31,47.1682,52.4578,71.6089,79.4497,-9.76156,-10.8372,77.5538,-7.38841,-12.6147,0.638311,0.771541,0.841275,33.5032
32,48.0537,53.3846,71.9615,79.9881,-9.6132,-10.4089,78.1015,-7.28754,-11.9553,0.648252,0.777053,0.84256,34.0758
33,48.9034,54.2708,72.2664,80.4963,-9.46539,-9.98105,78.6193,-7.18542,-11.3082,0.657774,0.782249,0.8436,34.6245
34,49.7171,55.1167,72.5243,80.9756,-9.31877,-9.55281,79.1084,-7.08345,-10.6722,0.666888,0.787145,0.844399,35.1506
35,50.495,55.9231,72.7359,81.4274,-9.17391,-9.12331,79.57,-6.9829,-10.046,0.675605,0.791754,0.844962,35.6555
36,51.237,56.6906,72.9017,81.853,-9.03125,-8.69158,80.0053,-6.88485,-9.42835,0.683936,0.79609,0.845292,36.1407
37,51.9435,57.42,73.022,82.2535,-8.89115,-8.25649,80.4152,-6.79032,-8.81774,0.691895,0.800165,0.845389,36.6076
38,52.6145,58.1119,73.0971,82.6301,-8.75388,-7.81683,80.801,-6.7002,-8.21265,0.699493,0.803993,0.845255,37.0576
39,53.2504,58.7672,73.127,82.9838,-8.6196,-7.37128,81.1635,-6.61529,-7.61151,0.706744,0.807583,0.844889,37.492
40,53.8516,59.3867,73.1116,83.3157,-8.48837,-6.91839,81.5037,-6.53635,-7.01267,0.71366,0.810947,0.844289,37.9124
41,54.4183,59.971,73.0506,83.6266,-8.3601,-6.4566,81.8224,-6.46406,-6.41438,0.720254,0.814095,0.843453,38.3202
42,54.9509,60.521,72.9437,83.9175,-8.23457,-5.98427,82.1206,-6.39905,-5.81484,0.726537,0.817036,0.842375,38.7168
43,55.4498,61.0375,72.7901,84.1891,-8.11136,-5.49966,82.3989,-6.34195,-5.21216,0.732521,0.819779,0.841051,39.1037
44,55.9152,61.521,72.5893,84.4422,-7.98983,-5.00099,82.658,-6.29333,-4.60439,0.738219,0.822332,0.839475,39.4826
45,56.3475,61.9723,72.3403,84.6775,-7.8691,-4.4865,82.8987,-6.25374,-3.98946,0.74364,0.824703,0.837638,39.8548
46,56.747,62.3921,72.0421,84.8957,-7.74795,-3.95451,83.1215,-6.22375,-3.36522,0.748797,0.826898,0.835532,40.2219
47,57.1139,62.7809,71.6936,85.0974,-7.62481,-3.40362,83.327,-6.20388,-2.72943,0.753698,0.828925,0.833146,40.5853
48,57.4486,63.1394,71.2933,85.283,-7.49775,-2.83284,83.5157,-6.19468,-2.07973,0.758355,0.830789,0.830469,40.9462
49,57.7512,63.468,70.8399,85.4531,-7.36453,-2.24188,83.688,-6.19669,-1.41364,0.762776,0.832497,0.827487,41.3056
50,58.0218,63.7672,70.3317,85.6082,-7.22271,-1.63145,83.8444,-6.21044,-0.728578,0.766971,0.834051,0.824188,41.6642
51,58.2607,64.0376,69.7671,85.7486,-7.06998,-1.00352,83.9853,-6.23646,-0.0218185,0.770948,0.835459,0.820554,42.0221
52,58.4679,64.2793,69.1442,85.8747,-6.90463,-0.361536,84.111,-6.27527,0.709487,0.774715,0.836722,0.816568,42.3788
53,58.6434,64.4929,68.4612,85.9869,-6.72614,0.289768,84.2218,-6.3274,1.46832,0.778281,0.837846,0.812212,42.7332
54,58.7875,64.6786,67.7161,86.0852,-6.53573,0.94484,84.3178,-6.39334,2.25781,0.781653,0.838832,0.807466,43.0838
55,58.9,64.8366,66.9069,86.1701,-6.33671,1.59827,84.3995,-6.47355,3.08119,0.784838,0.839684,0.802308,43.429
56,58.981,64.9671,66.0318,86.2417,-6.13415,2.24592,84.4668,-6.56846,3.94185,0.787844,0.840404,0.796715,43.7675
57,59.0304,65.0703,65.0887,86.3001,-5.93411,2.88579,84.5199,-6.6784,4.84326,0.790678,0.840992,0.790664,44.099
58,59.0484,65.1462,64.0759,86.3455,-5.74257,3.51835,84.559,-6.80365,5.78901,0.793347,0.841451,0.784128,44.4239
59,59.0348,65.1949,62.9917,86.3779,-5.56444,4.14614,84.5841,-6.94434,6.78275,0.795857,0.841779,0.777081,44.7436
60,58.9897,65.2164,61.8349,86.3974,-5.4031,4.77303,84.5951,-7.10048,7.82815,0.798215,0.841978,0.769497,45.0599
61,58.9133,65.2106,60.6045,86.4039,-5.26031,5.40339,84.5921,-7.27186,8.92887,0.800429,0.842044,0.761348,45.375
62,58.8057,65.1774,59.2998,86.3975,-5.1365,6.04141,84.575,-7.45807,10.0885,0.802505,0.841977,0.752607,45.6911
63,58.667,65.1166,57.9208,86.3781,-5.03117,6.69076,84.5438,-7.65838,11.3105,0.804451,0.841774,0.743246,46.0103
64,58.4978,65.0281,56.4682,86.3455,-4.94321,7.35438,84.4982,-7.87176,12.5981,0.806275,0.84143,0.733242,46.3342
65,58.2984,64.9117,54.9433,86.2997,-4.87116,8.03446,84.4382,-8.09676,13.954,0.807984,0.840941,0.722569,46.6644
66,58.0695,64.7669,53.3486,86.2405,-4.81341,8.73246,84.3635,-8.33148,15.3808,0.809589,0.8403,0.711207,47.002
67,57.8119,64.5936,51.6872,86.1678,-4.76821,9.44915,84.2739,-8.57353,16.8802,0.811097,0.839501,0.69914,47.3479
68,57.5267,64.3914,49.9638,86.0812,-4.7338,10.1846,84.1691,-8.81993,18.4532,0.81252,0.838534,0.686354,47.7025
69,57.215,64.1599,48.1839,85.9806,-4.70831,10.9384,84.0489,-9.06706,20.0997,0.813867,0.837389,0.672845,48.066
70,56.8783,63.8987,46.3548,85.8658,-4.68978,11.7094,83.913,-9.31066,21.8187,0.81515,0.836056,0.658615,48.4382
71,56.5184,63.6073,44.4848,85.7364,-4.67614,12.4956,83.7609,-9.54575,23.6074,0.81638,0.83452,0.643676,48.8183
72,56.1372,63.2854,42.5837,85.5921,-4.66513,13.2948,83.5923,-9.76663,25.4615,0.81757,0.832769,0.628052,49.2051
73,55.7368,62.9325,40.6628,85.4327,-4.65431,14.1037,83.4068,-9.96686,27.3747,0.818732,0.830785,0.611779,49.5968
74,55.3198,62.5481,38.7346,85.2579,-4.64098,14.9183,83.2041,-10.1393,29.3383,0.819879,0.828553,0.594912,49.991
75,54.8885,62.1319,36.8131,85.0672,-4.62215,15.734,82.9835,-10.2763,31.3412,0.821023,0.826054,0.577522,50.3847
76,54.4459,61.6834,34.9129,84.8605,-4.59451,16.5451,82.7447,-10.3694,33.369,0.822177,0.823268,0.559703,50.7737
77,53.9947,61.2021,33.0499,84.6373,-4.55438,17.3452,82.4873,-10.4098,35.4045,0.823352,0.820175,0.541575,51.1535
78,53.5379,60.6878,31.2403,84.3973,-4.49769,18.1267,82.2106,-10.3884,37.4266,0.824558,0.816755,0.523283,51.5184
79,53.0783,60.14,29.5009,84.1402,-4.41995,18.8813,81.9142,-10.2959,39.4106,0.825804,0.812987,0.505005,51.8617
80,52.6188,59.5586,27.8483,83.8657,-4.31622,19.5994,81.5977,-10.1231,41.3278,0.827097,0.808848,0.486955,52.176
81,52.162,58.9432,26.2987,83.5736,-4.18112,20.2706,81.2604,-9.86078,43.1458,0.828441,0.804319,0.469382,52.4525
82,51.7103,58.2938,24.868,83.2634,-4.00884,20.8833,80.9019,-9.50035,44.8285,0.829837,0.799378,0.452571,52.6821
83,51.2661,57.6103,23.5705,82.935,-3.7932,21.4255,80.5216,-9.03376,46.3369,0.831286,0.794006,0.436846,52.8545
84,50.8309,56.8926,22.4197,82.588,-3.52774,21.8842,80.1192,-8.45381,47.63,0.832781,0.788185,0.422556,52.959
85,50.4064,56.141,21.4272,82.2223,-3.20589,22.2464,79.694,-7.7543,48.666,0.834316,0.781898,0.410068,52.9849
86,49.9934,55.3557,20.6027,81.8374,-2.82117,22.499,79.2457,-6.93026,49.4047,0.835878,0.775128,0.399747,52.9217
87,49.5926,54.5371,19.9538,81.4332,-2.36744,22.6298,78.7739,-5.97803,49.8094,0.837452,0.767864,0.391925,52.7595
88,49.2038,53.6856,19.486,81.0093,-1.83928,22.6276,78.278,-4.89545,49.8493,0.839019,0.760094,0.386875,52.4902
89,48.8268,52.802,19.2023,80.5653,-1.23227,22.4834,77.758,-3.68187,49.5021,0.840556,0.751811,0.384778,52.1077
90,48.4605,51.8872,19.1035,80.1009,-0.543355,22.1904,77.2133,-2.33825,48.7557,0.842039,0.743007,0.385702,51.6087
91,48.1035,50.9421,19.1881,79.6155,0.228901,21.7445,76.6439,-0.867142,47.6091,0.843438,0.733682,0.389591,50.9927
92,47.7542,49.9681,19.4521,79.1088,1.08411,21.1449,76.0497,0.72729,46.0726,0.844722,0.723835,0.396276,50.2631
93,47.4102,48.9667,19.8898,78.5802,2.02,20.3938,75.4306,2.43936,44.1666,0.845856,0.713472,0.405493,49.4265
94,47.0693,47.9394,20.4933,78.0293,3.03253,19.4965,74.7867,4.26188,41.9202,0.846806,0.702599,0.416918,48.4932
95,46.7286,46.8884,21.2532,77.4557,4.11616,18.4616,74.1183,6.18631,39.3684,0.847533,0.691228,0.430195,47.4769
96,46.3854,45.8157,22.1586,76.859,5.26446,17.3003,73.4258,8.20278,36.5499,0.847999,0.679376,0.444964,46.3944
97,46.0367,44.7238,23.1975,76.2391,6.47094,16.0262,72.7097,10.3002,33.5049,0.848164,0.667063,0.460881,45.2654
98,45.6794,43.6156,24.3569,75.596,7.73008,14.6545,71.9708,12.4666,30.2734,0.847988,0.654315,0.477634,44.1115
99,45.3107,42.494,25.6234,74.9298,9.03783,13.1992,71.2102,14.6886,26.8932,0.847429,0.641162,0.494943,42.955
100,44.9278,41.3624,26.9832,74.2409,10.3904,11.6704,70.4291,16.9522,23.3999,0.846448,0.627641,0.512567,41.8161
101,44.5281,40.2242,28.4223,73.5299,11.7802,10.0721,69.6289,19.2425,19.8257,0.845004,0.613797,0.530302,40.7109
102,44.1091,39.0834,29.927,72.7979,13.1907,8.40293,68.8116,21.5438,16.1998,0.843056,0.599679,0.547978,39.6486
103,43.669,37.9439,31.4838,72.0462,14.5923,6.66267,67.9793,23.8395,12.548,0.840567,0.585345,0.565453,38.6332
104,43.2059,36.8101,33.08,71.2762,15.9465,4.859,67.1344,26.1126,8.89319,0.837498,0.570863,0.582613,37.665
105,42.7185,35.6866,34.7032,70.4899,17.2136,3.01079,66.2798,28.3452,5.25577,0.833812,0.55631,0.599365,36.7437
106,42.2059,34.5779,36.342,69.6898,18.3613,1.14487,65.4187,30.5187,1.65379,0.829473,0.541771,0.615638,35.8684
107,41.6677,33.4888,37.9859,68.8785,19.3688,-0.710282,64.5548,32.614,-1.89658,0.824447,0.527344,0.631374,35.037
108,41.1038,32.4243,39.625,68.0592,20.2256,-2.52997,63.692,34.6115,-5.38068,0.818702,0.513139,0.646533,34.2452
109,40.5146,31.3892,41.2507,67.2354,20.9286,-4.29589,62.8348,36.4909,-8.78513,0.812207,0.499276,0.661082,33.4865
110,39.9009,30.3884,42.8551,66.4111,21.4788,-5.99639,61.9879,38.2318,-12.0975,0.804934,0.485888,0.675002,32.752
111,39.2642,29.4268,44.4312,65.5907,21.8787,-7.62552,61.1565,39.8134,-15.3061,0.796856,0.473117,0.688278,32.0314
112,38.6061,28.5092,45.9729,64.7788,22.1308,-9.1816,60.346,41.2148,-18.3998,0.787951,0.461116,0.700905,31.3136
113,37.9287,27.64,47.4751,63.9805,22.2371,-10.6659,59.5621,42.4153,-21.368,0.778195,0.450044,0.712882,30.5872
114,37.2346,26.8235,48.9333,63.2012,22.1982,-12.0815,58.8106,43.3949,-24.2005,0.767571,0.440063,0.724212,29.8409
115,36.5266,26.064,50.3437,62.4465,22.0137,-13.4327,58.0977,44.1341,-26.8875,0.756061,0.43133,0.734901,29.0643
116,35.8079,25.365,51.7033,61.7219,21.6821,-14.724,57.4293,44.6149,-29.4197,0.743653,0.423996,0.74496,28.2476
117,35.0819,24.7301,53.0096,61.0335,21.2012,-15.9599,56.8114,44.821,-31.7881,0.730334,0.418192,0.754401,27.3822
118,34.3523,24.1621,54.2607,60.3868,20.5683,-17.1442,56.2497,44.7384,-33.9847,0.716099,0.414026,0.763237,26.4614
119,33.6229,23.6637,55.4552,59.7875,19.7802,-18.2799,55.7495,44.3557,-36.0021,0.700939,0.411575,0.771483,25.48
120,32.8979,23.2371,56.5919,59.241,18.834,-19.3686,55.3157,43.6651,-37.8339,0.684853,0.410877,0.779155,24.4358
121,32.1812,22.8839,57.6702,58.7522,17.7275,-20.4102,54.9525,42.6625,-39.4749,0.66784,0.411933,0.786269,23.3294
122,31.477,22.6053,58.6897,58.3257,16.4592,-21.4023,54.6634,41.3481,-40.9213,0.649901,0.414701,0.792843,22.1661
123,30.7896,22.4021,59.6502,57.9652,15.03,-22.3399,54.451,39.7268,-42.1706,0.631041,0.419103,0.798893,20.9561
124,30.123,22.2745,60.5519,57.6741,13.4433,-23.2153,54.317,37.8082,-43.2219,0.611264,0.425031,0.804435,19.717
125,29.4815,22.2224,61.3949,57.4548,11.7064,-24.018,54.2622,35.607,-44.0761,0.590577,0.432352,0.809486,18.4745
126,28.8688,22.2452,62.1796,57.309,9.83123,-24.7349,54.2862,33.1425,-44.7357,0.568988,0.440916,0.814062,17.2649
127,28.2888,22.3418,62.9064,57.2375,7.83571,-25.3518,54.3878,30.4387,-45.2045,0.546505,0.450565,0.818179,16.1355
128,27.7451,22.5108,63.5759,57.2403,5.74364,-25.8543,54.5648,27.5232,-45.4881,0.523137,0.461139,0.821851,15.144
129,27.2411,22.7503,64.1885,57.3166,3.5845,-26.2301,54.8142,24.4274,-45.5933,0.498889,0.472482,0.825093,14.3539
130,26.7798,23.0582,64.7449,57.4646,1.39196,-26.4705,55.1322,21.1851,-45.5282,0.473765,0.484445,0.827917,13.8251
131,26.364,23.432,65.2457,57.6819,-0.798388,-26.5722,55.5145,17.8318,-45.3014,0.447767,0.49689,0.830337,13.5999
132,25.9961,23.8689,65.6912,57.9656,-2.95176,-26.5376,55.9563,14.404,-44.9226,0.420889,0.509688,0.832364,13.6906
133,25.6784,24.366,66.0821,58.3119,-5.03681,-26.3743,56.4524,10.938,-44.4019,0.393116,0.522727,0.834009,14.0752
134,25.4124,24.9199,66.4187,58.7166,-7.02757,-26.0941,56.9973,7.46937,-43.7494,0.36442,0.535903,0.835281,14.7061
135,25.1996,25.5273,66.7014,59.1753,-8.90449,-25.7112,57.5856,4.03194,-42.9753,0.334753,0.549127,0.836189,15.5236
136,25.041,26.1846,66.9305,59.6832,-10.6545,-25.2407,58.2119,0.657131,-42.0898,0.304036,0.56232,0.836742,16.4698
137,24.937,26.8881,67.1063,60.2352,-12.2706,-24.697,58.8706,-2.62658,-41.1027,0.272139,0.575415,0.836945,17.4951
138,24.8879,27.6341,67.2288,60.8262,-13.7503,-24.0931,59.5567,-5.79409,-40.0234,0.238846,0.588353,0.836804,18.5614
139,24.8935,28.4187,67.2983,61.4511,-15.0954,-23.4404,60.2652,-8.82402,-38.8605,0.203784,0.601085,0.836323,19.6407
140,24.953,29.2381,67.3145,62.1049,-16.3099,-22.7477,60.9912,-11.6988,-37.6224,0.166257,0.613569,0.835506,20.7141
141,25.0655,30.0884,67.2776,62.7827,-17.3998,-22.0224,61.7304,-14.4049,-36.3167,0.12477,0.625771,0.834356,21.7688
142,25.2295,30.9658,67.1873,63.4798,-18.3723,-21.2696,62.4788,-16.9323,-34.9502,0.0751217,0.637664,0.832873,22.7974
143,25.4435,31.8665,67.0433,64.1918,-19.2347,-20.4934,63.2324,-19.2749,-33.5292,0.00506655,0.649224,0.831057,23.7958
144,25.7053,32.7868,66.8456,64.9144,-19.9949,-19.6961,63.9879,-21.4298,-32.0591,0,0.660435,0.828908,24.7622
145,26.0127,33.723,66.5936,65.6437,-20.6604,-18.8793,64.7421,-23.3971,-30.5449,0,0.671283,0.826424,25.6966
146,26.363,34.6717,66.2871,66.3761,-21.2384,-18.0438,65.4922,-25.1797,-28.9908,0,0.681759,0.823602,26.6004
147,26.7533,35.6292,65.9257,67.1083,-21.7359,-17.1896,66.2357,-26.7825,-27.4005,0,0.691857,0.820439,27.4752
148,27.1808,36.5925,65.5091,67.8373,-22.1592,-16.3162,66.9702,-28.2125,-25.7769,0,0.701574,0.81693,28.3237
149,27.6421,37.5582,65.0369,68.5603,-22.5142,-15.4227,67.6937,-29.478,-24.1228,0,0.71091,0.81307,29.1483
150,28.1341,38.5234,64.5089,69.275,-22.8062,-14.5082,68.4046,-30.5885,-22.4401,0,0.719866,0.808853,29.952
151,28.6533,39.4853,63.9249,69.9791,-23.04,-13.5713,69.1013,-31.5541,-20.7305,0.0367182,0.728446,0.804273,30.7377
152,29.1963,40.441,63.2847,70.6708,-23.2198,-12.6106,69.7825,-32.3856,-18.9952,0.0927759,0.736654,0.799324,31.5083
153,29.7596,41.388,62.5885,71.3484,-23.3493,-11.625,70.4469,-33.0937,-17.2353,0.133871,0.744497,0.793998,32.2668
154,30.3398,42.324,61.8364,72.0105,-23.4315,-10.613,71.0937,-33.6893,-15.4514,0.169066,0.751981,0.78829,33.0158
155,30.9336,43.2467,61.0288,72.6559,-23.469,-9.57383,71.7221,-34.1828,-13.6439,0.200809,0.759114,0.782192,33.7581
156,31.5378,44.154,60.1665,73.2835,-23.4639,-8.50674,72.3313,-34.5842,-11.8132,0.230146,0.765904,0.775698,34.4961
157,32.1491,45.0441,59.2503,73.8925,-23.4176,-7.41155,72.9209,-34.9033,-9.95937,0.257628,0.772359,0.768802,35.2321
158,32.7646,45.9151,58.2814,74.4823,-23.3314,-6.28868,73.4904,-35.1488,-8.08263,0.283582,0.778488,0.761501,35.9678
159,33.3815,46.7655,57.2615,75.0522,-23.2059,-5.13926,74.0395,-35.3288,-6.18311,0.308224,0.7843,0.75379,36.705
160,33.9973,47.5938,56.1925,75.6019,-23.0418,-3.96526,74.568,-35.4509,-4.26106,0.331703,0.789801,0.745669,37.4446
161,34.6095,48.3987,55.0767,76.1311,-22.8395,-2.76961,75.0757,-35.5215,-2.31686,0.35413,0.795001,0.737136,38.1873
162,35.2161,49.1791,53.917,76.6395,-22.5995,-1.55622,75.5626,-35.5463,-0.351072,0.375594,0.799906,0.728193,38.9333
163,35.8151,49.9338,52.7165,77.1271,-22.3228,-0.329959,76.0286,-35.5304,1.63545,0.396164,0.804524,0.718847,39.6821
164,36.4049,50.662,51.4791,77.5939,-22.0108,0.903461,76.4738,-35.4777,3.64154,0.415899,0.808861,0.709103,40.4326
165,36.9841,51.3629,50.2087,78.04,-21.6655,2.13765,76.8983,-35.3915,5.66564,0.434852,0.812922,0.698972,41.1836
166,37.5518,52.0357,48.91,78.4653,-21.2896,3.36586,77.3022,-35.2745,7.70574,0.453068,0.816714,0.688469,41.9331
167,38.1069,52.68,47.5881,78.8702,-20.8868,4.58126,77.6857,-35.1282,9.75934,0.470588,0.820239,0.677612,42.6789
168,38.6489,53.2951,46.2484,79.2548,-20.4613,5.77734,78.0489,-34.954,11.8234,0.487452,0.823503,0.666422,43.4187
169,39.1775,53.8807,44.8968,79.6195,-20.0176,6.94816,78.3921,-34.7524,13.8941,0.503694,0.826507,0.654929,44.1501
170,39.6924,54.4364,43.5393,79.9643,-19.5608,8.0886,78.7155,-34.5231,15.9672,0.519349,0.829255,0.643162,44.8707
171,40.1938,54.962,42.1827,80.2898,-19.0954,9.19447,79.0194,-34.2658,18.0377,0.534448,0.831749,0.631161,45.5781
172,40.682,55.4574,40.8334,80.5963,-18.6257,10.2625,79.304,-33.9794,20.0996,0.549022,0.833989,0.618968,46.27
173,41.1572,55.9223,39.4986,80.884,-18.1555,11.2901,79.5696,-33.6626,22.1464,0.5631,0.835976,0.606633,46.9442
174,41.6201,56.3568,38.1852,81.1534,-17.6875,12.2754,79.8164,-33.3136,24.1707,0.576709,0.83771,0.594212,47.5985
175,42.0715,56.7607,36.9004,81.4048,-17.2237,13.2171,80.0448,-32.9305,26.1643,0.589875,0.839192,0.581768,48.2307
176,42.5119,57.1342,35.6513,81.6387,-16.765,14.114,80.255,-32.5114,28.1181,0.602623,0.840421,0.569371,48.8384
177,42.9423,57.4772,34.4449,81.8554,-16.3119,14.9647,80.4473,-32.0538,30.0222,0.614976,0.841395,0.557098,49.4195
178,43.3636,57.7899,33.288,82.0553,-15.8637,15.7683,80.6218,-31.5557,31.8662,0.626957,0.842115,0.545034,49.9713
179,43.7767,58.0724,32.1874,82.2388,-15.4194,16.5232,80.779,-31.0147,33.6386,0.638585,0.842577,0.533269,50.4913
180,44.1826,58.3247,31.1494,82.4063,-14.9774,17.2279,80.919,-30.4286,35.3278,0.64988,0.842782,0.521902,50.9768
181,44.582,58.5472,30.1799,82.5581,-14.5356,17.8805,81.0421,-29.7954,36.9215,0.66086,0.842727,0.511035,51.4251
182,44.9759,58.7399,29.2847,82.6947,-14.0917,18.4792,81.1484,-29.1131,38.4071,0.671541,0.842411,0.500777,51.8333
183,45.365,58.9031,28.4687,82.8162,-13.6433,19.0218,81.2383,-28.3799,39.7724,0.681938,0.841833,0.491237,52.1986
184,45.7501,59.0369,27.7365,82.9232,-13.1877,19.506,81.3119,-27.5945,41.005,0.692063,0.840991,0.482526,52.5184
185,46.1318,59.1415,27.0922,83.0157,-12.7222,19.9297,81.3693,-26.7556,42.0934,0.701929,0.839884,0.474752,52.7901
186,46.5105,59.2172,26.5392,83.0943,-12.2442,20.2906,81.4108,-25.8621,43.0268,0.711546,0.83851,0.468016,53.0113
187,46.8867,59.2642,26.0801,83.159,-11.7511,20.5869,81.4366,-24.9136,43.7957,0.720924,0.836869,0.462411,53.1798
188,47.2606,59.2826,25.7171,83.2102,-11.2405,20.8168,81.4467,-23.9097,44.392,0.73007,0.83496,0.458015,53.2941
189,47.6325,59.2728,25.4516,83.248,-10.71,20.9789,81.4413,-22.8503,44.8096,0.738991,0.832782,0.454891,53.3528
190,48.0021,59.2349,25.2843,83.2725,-10.1577,21.0722,81.4205,-21.7359,45.0443,0.747691,0.830335,0.45308,53.3552
191,48.3695,59.1691,25.2152,83.2839,-9.58154,21.096,81.3844,-20.5671,45.0942,0.756175,0.82762,0.452601,53.3008
192,48.7344,59.0757,25.2436,83.2824,-8.98011,21.0501,81.3332,-19.3449,44.9596,0.764447,0.824636,0.453449,53.19
193,49.0963,58.9548,25.3682,83.2679,-8.35211,20.9351,81.2668,-18.0706,44.6433,0.772508,0.821384,0.455599,53.0236
194,49.4547,58.8068,25.5871,83.2404,-7.69655,20.7514,81.1853,-16.7456,44.15,0.78036,0.817864,0.459001,52.8029
195,49.8088,58.6318,25.8976,83.2,-7.01276,20.5005,81.0888,-15.372,43.4865,0.788003,0.814079,0.463587,52.5299
196,50.1581,58.4302,26.2965,83.1467,-6.3004,20.1837,80.9774,-13.9516,42.6614,0.795436,0.810028,0.469273,52.207
197,50.5015,58.202,26.7801,83.0804,-5.55941,19.8031,80.851,-12.4869,41.6846,0.802659,0.805714,0.475963,51.8368
198,50.838,57.9477,27.3443,83.0011,-4.79011,19.3608,80.7097,-10.9803,40.5672,0.80967,0.801139,0.483553,51.4228
199,51.1667,57.6674,27.9843,82.9086,-3.99309,18.8592,80.5535,-9.4344,39.3211,0.816466,0.796305,0.491936,50.9685
200,51.4862,57.3614,28.6951,82.8028,-3.16934,18.301,80.3825,-7.8521,37.9586,0.823046,0.791215,0.501,50.4778
201,51.7956,57.0302,29.4714,82.6838,-2.32018,17.6893,80.1966,-6.23629,36.4922,0.829406,0.785871,0.510639,49.9549
202,52.0934,56.674,30.3074,82.5513,-1.44732,17.0271,79.9959,-4.58999,34.9343,0.835542,0.780277,0.520749,49.4045
203,52.3784,56.2932,31.1974,82.4053,-0.552792,16.3183,79.7804,-2.91631,33.297,0.84145,0.774436,0.531229,48.8314
204,52.6493,55.8882,32.1354,82.2456,0.361067,15.5669,79.5502,-1.21841,31.5918,0.847128,0.768352,0.541989,48.2409
205,52.9047,55.4595,33.1152,82.0723,1.29178,14.7778,79.3052,0.500501,29.8297,0.852569,0.76203,0.552944,47.6386
206,53.1435,55.0076,34.1308,81.8852,2.23701,13.9566,79.0456,2.23718,28.0211,0.857769,0.755474,0.564015,47.0306
207,53.3642,54.533,35.1761,81.6843,3.19491,13.1098,78.7715,3.98835,26.1754,0.862723,0.748689,0.575132,46.4235
208,53.5656,54.0363,36.2452,81.4694,4.16463,12.244,78.4829,5.75071,24.3015,0.867425,0.741682,0.586233,45.824
209,53.7465,53.5181,37.3321,81.2407,5.14665,11.3657,78.1799,7.52095,22.4074,0.87187,0.734458,0.597262,45.2385
210,53.9057,52.9793,38.4312,80.9982,6.14272,10.4801,77.8628,9.29572,20.5002,0.876052,0.727025,0.60817,44.6731
211,54.0421,52.4207,39.5371,80.7418,7.15499,9.5896,77.5317,11.0716,18.5866,0.879965,0.719391,0.618913,44.1321
212,54.1546,51.843,40.6444,80.4716,8.18428,8.69337,77.1868,12.8453,16.6723,0.883602,0.711564,0.629455,43.6179
213,54.2422,51.2472,41.7482,80.1877,9.22811,7.7881,76.8285,14.6131,14.7626,0.886955,0.703555,0.639764,43.1307
214,54.304,50.6345,42.8438,79.8904,10.2796,6.86982,76.4571,16.3716,12.8621,0.890017,0.695375,0.649811,42.6691
215,54.3391,50.0059,43.9269,79.5797,11.3278,5.9363,76.0729,18.1171,10.9752,0.892782,0.687036,0.659574,42.2309
216,54.3469,49.3626,44.9932,79.256,12.36,4.9885,75.6764,19.8459,9.10532,0.89524,0.678552,0.669034,41.8142
217,54.3265,48.706,46.0391,78.9195,13.3634,4.03077,75.2681,21.5539,7.25599,0.897383,0.669937,0.678174,41.4172
218,54.2774,48.0374,47.061,78.5706,14.3275,3.06977,74.8485,23.2373,5.4302,0.899203,0.66121,0.68698,41.0388
219,54.1991,47.3583,48.0557,78.2097,15.2447,2.11312,74.4184,24.8918,3.63073,0.900691,0.652389,0.695443,40.6781
220,54.0913,46.6703,49.0203,77.8372,16.1103,1.16821,73.9784,26.513,1.86012,0.901836,0.643496,0.703553,40.3337
221,53.9535,45.9751,49.9521,77.4537,16.9215,0.241407,73.5294,28.0964,0.120767,0.902629,0.634553,0.711305,40.0044
222,53.7855,45.2743,50.8488,77.0599,17.6775,-0.662224,73.0721,29.6371,-1.58504,0.903061,0.625585,0.718693,39.6884
223,53.5872,44.5697,51.7082,76.6564,18.3784,-1.53896,72.6077,31.1303,-3.25511,0.903122,0.61662,0.725713,39.3837
224,53.3586,43.8633,52.5285,76.2438,19.0249,-2.38626,72.137,32.5708,-4.88727,0.902801,0.607689,0.732363,39.0878
225,53.0997,43.1568,53.3078,75.8232,19.6178,-3.2026,71.6613,33.9532,-6.4794,0.902087,0.598823,0.738641,38.7984
226,52.8106,42.4522,54.0447,75.3953,20.1581,-3.98722,71.1816,35.272,-8.02932,0.900972,0.590058,0.744546,38.5129
227,52.4916,41.7516,54.7378,74.9611,20.6464,-4.73994,70.6993,36.5215,-9.53486,0.899445,0.581431,0.750078,38.2286
228,52.143,41.0569,55.3859,74.5216,21.0835,-5.46102,70.2158,37.6957,-10.9938,0.897495,0.572982,0.755237,37.9429
229,51.7652,40.37,55.9881,74.078,21.4696,-6.15101,69.7323,38.7887,-12.4038,0.895114,0.564751,0.760023,37.6532
230,51.3587,39.6931,56.5433,73.6313,21.805,-6.81068,69.2504,39.7943,-13.7626,0.892291,0.556784,0.764437,37.3568
231,50.9241,39.028,57.0508,73.1829,22.0894,-7.44091,68.7716,40.7063,-15.0676,0.889017,0.549124,0.768481,37.0514
232,50.4622,38.3767,57.51,72.7339,22.3226,-8.04268,68.2974,41.5184,-16.3166,0.885284,0.541819,0.772153,36.7343
233,49.9735,37.7411,57.9202,72.2857,22.5039,-8.61697,67.8294,42.2244,-17.5069,0.881082,0.534914,0.775456,36.4033
234,49.459,37.1231,58.2809,71.8397,22.6327,-9.16479,67.3693,42.818,-18.6359,0.876404,0.528458,0.778391,36.0558
235,48.9197,36.5244,58.5918,71.3972,22.7081,-9.68711,66.9187,43.2931,-19.701,0.871242,0.522496,0.780958,35.6898
236,48.3565,35.9467,58.8525,70.9597,22.7289,-10.1849,66.4792,43.6437,-20.6996,0.865589,0.517074,0.783159,35.3028
237,47.7704,35.3917,59.0628,70.5286,22.6939,-10.659,66.0525,43.8639,-21.6291,0.859438,0.512234,0.784993,34.8929
238,47.1627,34.8608,59.2224,70.1053,22.6017,-11.1104,65.6401,43.9483,-22.4869,0.852784,0.508017,0.786462,34.4578
239,46.5346,34.3555,59.3314,69.6913,22.4509,-11.5397,65.2438,43.8915,-23.2703,0.84562,0.504457,0.787567,33.9957
240,45.8872,33.8771,59.3896,69.288,22.2398,-11.9478,64.8649,43.6887,-23.9769,0.837942,0.501586,0.788307,33.5045
241,45.2221,33.4268,59.3971,68.8968,21.9667,-12.3354,64.505,43.3355,-24.6043,0.829745,0.499429,0.788685,32.9824
242,44.5405,33.0057,59.3541,68.5191,21.6298,-12.703,64.1655,42.828,-25.1502,0.821024,0.498005,0.788699,32.4278
243,43.8441,32.6147,59.2607,68.1561,21.2269,-13.0511,63.8477,42.1628,-25.6124,0.811778,0.497326,0.788352,31.8391
244,43.1341,32.2547,59.1173,67.8092,20.756,-13.3803,63.5529,41.3372,-25.989,0.802002,0.497399,0.787644,31.215
245,42.4124,31.9264,58.9243,67.4796,20.2147,-13.691,63.282,40.3493,-26.2782,0.791694,0.498219,0.786576,30.5541
246,41.6804,31.6305,58.6823,67.1684,19.6005,-13.9834,63.0363,39.1977,-26.4784,0.780853,0.499779,0.785149,29.8556
247,40.9398,31.3673,58.3918,66.8767,18.9105,-14.2578,62.8165,37.882,-26.5884,0.769476,0.502061,0.783365,29.1189
248,40.1924,31.1372,58.0536,66.6054,18.1418,-14.5143,62.6233,36.4027,-26.6072,0.757562,0.505044,0.781226,28.3438
249,39.44,30.9405,57.6686,66.3553,17.2906,-14.7528,62.4574,34.7611,-26.534,0.745112,0.508698,0.778733,27.5305
250,38.6843,30.7773,57.2379,66.1274,16.3529,-14.9731,62.3192,32.9594,-26.3684,0.732125,0.51299,0.77589,26.68
251,37.9272,30.6476,56.7627,65.9222,15.324,-15.1746,62.209,31.001,-26.1104,0.718601,0.517882,0.772701,25.7944
252,37.1706,30.5513,56.2443,65.7403,14.1982,-15.3564,62.127,28.8902,-25.7603,0.70454,0.523333,0.769168,24.8769
253,36.4163,30.4882,55.6841,65.5821,12.969,-15.5168,62.0732,26.6321,-25.3187,0.689944,0.529299,0.765297,23.9326
254,35.6664,30.458,55.084,65.4481,11.6284,-15.6531,62.0474,24.2332,-24.7866,0.674814,0.535733,0.761093,22.9696
255,34.9227,30.4602,54.4458,65.3384,10.1669,-15.7606,62.0493,21.7008,-24.1654,0.659152,0.542591,0.756564,22.0002
256,34.1873,30.4944,53.7714,65.2531,8.574,-15.832,62.0785,19.0432,-23.4569,0.642959,0.549823,0.751715,21.0429
257,33.4622,30.5601,53.063,65.1923,6.83817,-15.8555,62.1345,16.2698,-22.6632,0.626238,0.557385,0.746556,20.1258
258,32.7493,30.6565,52.3231,65.1559,4.94931,-15.8129,62.2166,13.3909,-21.7868,0.60899,0.565229,0.741095,19.2907
259,32.0507,30.7829,51.554,65.1437,2.90259,-15.6778,62.3239,10.4178,-20.8304,0.591219,0.573312,0.735345,18.5969
260,31.3684,30.9385,50.7586,65.1553,0.705541,-15.4151,62.4557,7.3625,-19.7975,0.572926,0.58159,0.729315,18.1219
261,30.7043,31.1224,49.9395,65.1905,-1.61286,-14.9858,62.6108,4.23789,-18.6914,0.554115,0.590022,0.72302,17.9512
262,30.0604,31.3337,49.0997,65.2487,-3.99624,-14.3588,62.7883,1.05763,-17.516,0.534787,0.598568,0.716473,18.1526
263,29.4386,31.5713,48.2424,65.3293,-6.36601,-13.5265,62.987,-2.16403,-16.2755,0.514946,0.607191,0.709691,18.7438
264,28.8408,31.8343,47.3705,65.4318,-8.6407,-12.5141,63.2057,-5.41225,-14.9744,0.494591,0.615856,0.70269,19.6783
265,28.2689,32.1216,46.4875,65.5554,-10.7589,-11.3723,63.4433,-8.67175,-13.6174,0.473726,0.624529,0.695489,20.8652
266,27.7247,32.432,45.5966,65.6993,-12.6905,-10.1593,63.6983,-11.9269,-12.2094,0.452351,0.63318,0.688107,22.2053
267,27.2098,32.7643,44.7013,65.8628,-14.4321,-8.92386,63.9696,-15.1618,-10.7559,0.430464,0.64178,0.680565,23.6177
268,26.726,33.1174,43.8049,66.045,-15.9964,-7.69965,64.2558,-18.3604,-9.26221,0.408065,0.650302,0.672888,25.0468
269,26.2747,33.49,42.9111,66.2449,-17.4015,-6.50607,64.5557,-21.507,-7.7341,0.385149,0.65872,0.665099,26.4586
270,25.8576,33.8808,42.0231,66.4615,-18.6655,-5.35261,64.8679,-24.5856,-6.17749,0.361712,0.667014,0.657224,27.8338
271,25.4759,34.2887,41.1447,66.694,-19.8045,-4.24275,65.1911,-27.5809,-4.59849,0.337744,0.675161,0.649292,29.162
272,25.1309,34.7123,40.2792,66.9412,-20.8314,-3.1768,65.5241,-30.4779,-3.00338,0.313232,0.683142,0.64133,30.4379
273,24.8238,35.1504,39.43,67.2022,-21.7568,-2.15359,65.8656,-33.2623,-1.39858,0.288158,0.690941,0.633371,31.6592
274,24.5557,35.6015,38.6006,67.4759,-22.589,-1.17145,66.2143,-35.9205,0.209357,0.262497,0.69854,0.625446,32.825
275,24.3275,36.0646,37.7942,67.7612,-23.3348,-0.228667,66.5692,-38.4399,1.81377,0.236211,0.705927,0.617589,33.9355
276,24.1399,36.5381,37.0141,68.0572,-24,0.67625,66.9291,-40.8091,3.40795,0.20925,0.713087,0.609835,34.991
277,23.9936,37.021,36.2633,68.3627,-24.5891,1.5445,67.2928,-43.0176,4.98513,0.181537,0.72001,0.602221,35.9923
278,23.8891,37.5118,35.5449,68.6768,-25.1062,2.37696,67.6592,-45.0566,6.53856,0.152959,0.726686,0.594783,36.94
279,23.8268,38.0093,34.8616,68.9983,-25.5547,3.17421,68.0275,-46.9183,8.06154,0.123333,0.733105,0.58756,37.835
280,23.8069,38.5123,34.2161,69.3264,-25.9378,3.93659,68.3965,-48.5968,9.54745,0.0923359,0.739261,0.58059,38.6781
281,23.8294,39.0194,33.6108,69.6599,-26.2582,4.6642,68.7653,-50.0873,10.9898,0.0593026,0.745146,0.573911,39.47
282,23.8942,39.5295,33.0482,69.9979,-26.5184,5.35699,69.1331,-51.387,12.3824,0.0244224,0.750755,0.567561,40.2113
283,24.0011,40.0414,32.5302,70.3395,-26.7208,6.01474,69.499,-52.4941,13.7191,0.000891218,0.756084,0.561578,40.9027
284,24.1497,40.5538,32.0587,70.6837,-26.8676,6.63719,69.8622,-53.4088,14.9943,0,0.761129,0.555999,41.545
285,24.3394,41.0656,31.6355,71.0297,-26.9607,7.224,70.2219,-54.1324,16.2025,0,0.765887,0.550858,42.1387
286,24.5694,41.5757,31.2619,71.3765,-27.0022,7.77482,70.5774,-54.6676,17.339,0.0157974,0.770357,0.546187,42.6846
287,24.8389,42.0829,30.9391,71.7232,-26.9939,8.28929,70.928,-55.0183,18.3992,0.0481426,0.774537,0.542016,43.1832
288,25.147,42.5861,30.6681,72.0692,-26.9376,8.76713,71.2731,-55.1897,19.3792,0.0813625,0.778428,0.538373,43.6354
289,25.4924,43.0842,30.4496,72.4135,-26.835,9.20809,71.6121,-55.1878,20.2757,0.112049,0.782029,0.535279,44.0418
290,25.874,43.5763,30.2841,72.7554,-26.6877,9.61203,71.9444,-55.0194,21.0859,0.141075,0.785342,0.532754,44.4033
291,26.2902,44.0613,30.1719,73.0942,-26.4975,9.97888,72.2694,-54.6921,21.8078,0.168841,0.788367,0.530811,44.7208
292,26.7396,44.5382,30.1128,73.4291,-26.2658,10.3087,72.5868,-54.214,22.44,0.195566,0.791107,0.52946,44.9952
293,27.2206,45.006,30.1068,73.7596,-25.9943,10.6017,72.8958,-53.5936,22.9817,0.221389,0.793565,0.528705,45.2275
294,27.7314,45.4639,30.1531,74.0848,-25.6843,10.8582,73.1963,-52.8399,23.4328,0.246404,0.795742,0.528544,45.419
295,28.2702,45.9109,30.2513,74.4043,-25.3373,11.0785,73.4877,-51.9617,23.794,0.270675,0.797643,0.528972,45.5707
296,28.8352,46.3462,30.4001,74.7174,-24.9547,11.2634,73.7696,-50.9681,24.0664,0.294251,0.799271,0.529977,45.684
297,29.4243,46.7689,30.5985,75.0236,-24.5378,11.4134,74.0417,-49.8682,24.2518,0.317169,0.800631,0.531543,45.7603
298,30.0357,47.1783,30.8451,75.3223,-24.088,11.5295,74.3037,-48.6709,24.3526,0.339458,0.801725,0.533649,45.801
299,30.6671,47.5736,31.1381,75.613,-23.6064,11.6124,74.5552,-47.385,24.3717,0.36114,0.802559,0.53627,45.8075
300,31.3166,47.9541,31.4757,75.8954,-23.0942,11.6632,74.796,-46.0189,24.3123,0.382236,0.803138,0.539377,45.7816
301,31.9819,48.3191,31.856,76.1688,-22.5526,11.6831,75.0258,-44.5808,24.1781,0.40276,0.803466,0.54294,45.7247
302,32.661,48.668,32.2766,76.433,-21.9825,11.6731,75.2443,-43.0787,23.9732,0.422726,0.803547,0.546924,45.6386
303,33.3516,49.0002,32.7351,76.6876,-21.3849,11.6346,75.4514,-41.5201,23.7018,0.442146,0.803389,0.551294,45.5249
304,34.0517,49.315,33.2291,76.9322,-20.7608,11.5687,75.6469,-39.9121,23.3682,0.461031,0.802994,0.556012,45.3854
305,34.7591,49.6121,33.7558,77.1664,-20.1109,11.4766,75.8305,-38.2615,22.9771,0.47939,0.80237,0.56104,45.2219
306,35.4716,49.8908,34.3125,77.39,-19.436,11.3599,76.0022,-36.5747,22.5332,0.497233,0.80152,0.566341,45.0361
307,36.1872,50.1507,34.8961,77.6027,-18.7367,11.2196,76.1617,-34.8576,22.0409,0.514566,0.800451,0.571875,44.8297
308,36.9038,50.3915,35.5037,77.8043,-18.0135,11.057,76.3089,-33.1158,21.505,0.5314,0.799167,0.577605,44.6046
309,37.6194,50.6127,36.1322,77.9945,-17.2669,10.8734,76.4438,-31.3545,20.9301,0.54774,0.797675,0.583496,44.3625
310,38.332,50.8141,36.7786,78.1732,-16.4973,10.67,76.5662,-29.5785,20.3204,0.563595,0.795979,0.58951,44.1051
311,39.0398,50.9952,37.4396,78.3402,-15.705,10.4479,76.6761,-27.7923,19.6804,0.578971,0.794085,0.595614,43.8342
312,39.7409,51.156,38.1121,78.4952,-14.89,10.2081,76.7734,-25.9999,19.0142,0.593877,0.791997,0.601775,43.5517
313,40.4335,51.2961,38.7931,78.6383,-14.0524,9.95153,76.858,-24.2051,18.3257,0.608318,0.789721,0.607963,43.2591
314,41.116,51.4154,39.4793,78.7692,-13.1922,9.67913,76.93,-22.4113,17.6187,0.622303,0.787262,0.614148,42.9583
315,41.7866,51.5138,40.1677,78.888,-12.3093,9.39155,76.9892,-20.6217,16.8966,0.635838,0.784625,0.620302,42.651
316,42.4439,51.5911,40.8553,78.9945,-11.4033,9.08937,77.0357,-18.839,16.163,0.64893,0.781815,0.626401,42.3389
317,43.0864,51.6473,41.5392,79.0886,-10.4741,8.77293,77.0695,-17.066,15.4208,0.661586,0.778837,0.632421,42.0237
318,43.7126,51.6825,42.2166,79.1704,-9.52126,8.44235,77.0906,-15.3049,14.6731,0.673813,0.775695,0.63834,41.7073
319,44.3214,51.6965,42.8845,79.2398,-8.54457,8.09741,77.099,-13.5579,13.9225,0.685616,0.772394,0.644138,41.3912
320,44.9113,51.6894,43.5405,79.2967,-7.544,7.73753,77.0948,-11.8269,13.1715,0.697004,0.76894,0.649796,41.0771
321,45.4814,51.6615,44.182,79.3414,-6.51993,7.36161,77.078,-10.1137,12.4226,0.707981,0.765336,0.655298,40.7666
322,46.0305,51.6128,44.8065,79.3736,-5.47365,6.968,77.0487,-8.41997,11.6778,0.718555,0.761589,0.660629,40.4609
323,46.5576,51.5434,45.4118,79.3936,-4.40806,6.55453,77.007,-6.74715,10.939,0.72873,0.757702,0.665775,40.1614
324,47.0619,51.4538,45.9958,79.4013,-3.32893,6.11892,76.9531,-5.09663,10.2082,0.738513,0.753682,0.670724,39.869
325,47.5425,51.344,46.5564,79.3968,-2.24649,5.66017,76.8869,-3.46971,9.48702,0.747909,0.749532,0.675465,39.5852
326,47.9986,51.2146,47.0918,79.3803,-1.17657,5.18206,76.8088,-1.86759,8.77693,0.756924,0.74526,0.679989,39.3131
327,48.4296,51.0657,47.6003,79.3519,-0.13779,4.69883,76.7188,-0.291444,8.07936,0.765561,0.740869,0.684287,39.0595
328,48.8349,50.8979,48.0803,79.3116,0.860209,4.23734,76.6171,1.2576,7.3956,0.773826,0.736367,0.688351,38.8372
329,49.2138,50.7116,48.5304,79.2597,1.83064,3.82278,76.504,2.77844,6.72687,0.781723,0.73176,0.692176,38.6584
330,49.566,50.5074,48.9492,79.1962,2.7994,3.45441,76.3797,4.26998,6.07424,0.789256,0.727054,0.695755,38.5235
331,49.8911,50.2858,49.3358,79.1215,3.77547,3.10912,76.2443,5.73112,5.43876,0.796428,0.722257,0.699084,38.4206
332,50.1887,50.0474,49.6889,79.0356,4.74585,2.76776,76.0983,7.16075,4.82138,0.803242,0.717375,0.70216,38.3374
333,50.4584,49.7928,50.0079,78.9389,5.69257,2.42545,75.9419,8.55772,4.22298,0.809701,0.712417,0.704979,38.2673
334,50.7002,49.5229,50.2919,78.8315,6.6033,2.08561,75.7755,9.92087,3.64442,0.815809,0.707392,0.707538,38.2078
335,50.9138,49.2382,50.5404,78.7138,7.47218,1.75349,75.5993,11.249,3.08648,0.821567,0.702307,0.709837,38.1578
336,51.0992,48.9397,50.7529,78.586,8.29745,1.43347,75.4138,12.5408,2.54992,0.826977,0.697173,0.711873,38.1162
337,51.2563,48.6281,50.9291,78.4485,9.07948,1.12856,75.2193,13.7951,2.03546,0.832042,0.691999,0.713647,38.0819
338,51.3851,48.3042,51.0687,78.3015,9.81953,0.840583,75.0164,15.0104,1.54378,0.836762,0.686796,0.715157,38.0537
339,51.4857,47.9691,51.1718,78.1454,10.5192,0.570553,74.8054,16.1854,1.07555,0.84114,0.681574,0.716405,38.0299
340,51.5582,47.6236,51.2384,77.9806,11.18,0.318925,74.5869,17.3187,0.631377,0.845176,0.676346,0.717391,38.0093
341,51.6028,47.2686,51.2685,77.8075,11.8034,0.0858094,74.3613,18.4087,0.211874,0.848872,0.671124,0.718117,37.9906
342,51.6197,46.9052,51.2626,77.6265,12.3907,-0.128899,74.1291,19.454,-0.182391,0.852228,0.665918,0.718584,37.9723
343,51.6093,46.5343,51.2209,77.438,12.9431,-0.325436,73.8909,20.4531,-0.550878,0.855245,0.660744,0.718795,37.9533
344,51.5718,46.1571,51.1441,77.2424,13.4613,-0.504109,73.6473,21.4043,-0.893078,0.857925,0.655614,0.718752,37.9325
345,51.5077,45.7744,51.0327,77.0403,13.9462,-0.665266,73.3989,22.3061,-1.20852,0.860267,0.650541,0.718458,37.909
346,51.4173,45.3873,50.8875,76.8321,14.3984,-0.809271,73.1462,23.1569,-1.49676,0.862274,0.645539,0.717918,37.8817
347,51.3013,44.9969,50.7094,76.6183,14.8183,-0.936491,72.8899,23.955,-1.7574,0.863944,0.640624,0.717136,37.8498
348,51.1601,44.6042,50.4993,76.3995,15.2063,-1.04729,72.6305,24.699,-1.99009,0.865281,0.635808,0.716115,37.8126
349,50.9943,44.2103,50.2582,76.176,15.5627,-1.14202,72.3688,25.3871,-2.19454,0.866283,0.631108,0.714861,37.7694
350,50.8045,43.8161,49.9873,75.9486,15.8875,-1.22101,72.1054,26.0179,-2.37047,0.866953,0.626536,0.713379,37.7194
351,50.5915,43.4228,49.6878,75.7177,16.1808,-1.2846,71.841,26.5898,-2.51771,0.867291,0.622108,0.711677,37.6623
352,50.356,43.0312,49.3611,75.4838,16.4425,-1.3331,71.5762,27.1014,-2.6361,0.867298,0.617838,0.709759,37.5973
353,50.0986,42.6425,49.0085,75.2476,16.6727,-1.36681,71.3116,27.5513,-2.72558,0.866977,0.61374,0.707632,37.5242
354,49.8202,42.2574,48.6316,75.0096,16.8711,-1.38601,71.048,27.938,-2.78614,0.866327,0.609828,0.705305,37.4423
355,49.5217,41.877,48.2319,74.7704,17.0375,-1.39098,70.786,28.2603,-2.81784,0.865352,0.606114,0.702785,37.3515
356,49.2038,41.5022,47.8109,74.5306,17.1717,-1.38199,70.5263,28.5171,-2.82082,0.864052,0.602611,0.700081,37.2513
357,48.8675,41.1337,47.3704,74.2906,17.2733,-1.3593,70.2695,28.7073,-2.79531,0.86243,0.599332,0.6972,37.1415
358,48.5137,40.7725,46.912,74.0512,17.342,-1.32317,70.0163,28.8298,-2.7416,0.860488,0.596287,0.694153,37.0218
359,48.1433,40.4194,46.4376,73.8128,17.3773,-1.27385,69.7672,28.8838,-2.66009,0.858227,0.593487,0.690948,36.8921
360,47.7573,40.075,45.9488,73.5759,17.379,-1.21159,69.5229,28.8687,-2.55126,0.855652,0.590941,0.687596,36.7523
361,47.3567,39.7401,45.4476,73.3412,17.3465,-1.13667,69.284,28.7837,-2.4157,0.852763,0.588657,0.684107,36.6023
362,46.9424,39.4154,44.9357,73.1092,17.2793,-1.04934,69.0511,28.6284,-2.25409,0.849564,0.586642,0.680493,36.4421
363,46.5155,39.1014,44.4151,72.8804,17.177,-0.949886,68.8247,28.4027,-2.06722,0.846059,0.584902,0.676765,36.2717
364,46.077,38.7988,43.8876,72.6553,17.0391,-0.838601,68.6053,28.1063,-1.85598,0.842249,0.583442,0.672934,36.0913
365,45.6279,38.508,43.3551,72.4343,16.865,-0.715795,68.3934,27.7392,-1.62138,0.83814,0.582265,0.669013,35.9012
366,45.1693,38.2297,42.8196,72.218,16.6543,-0.581805,68.1895,27.3019,-1.36455,0.833733,0.581373,0.665015,35.7016
367,44.7022,37.9641,42.2828,72.0069,16.4062,-0.436989,67.9941,26.7945,-1.0867,0.829034,0.580767,0.660953,35.4928
368,44.2277,37.7117,41.7469,71.8013,16.1204,-0.281739,67.8076,26.2179,-0.789175,0.824045,0.580447,0.656841,35.2755
369,43.7469,37.4729,41.2135,71.6017,15.7963,-0.11648,67.6303,25.5727,-0.473424,0.818772,0.580409,0.652692,35.0501
370,43.2607,37.248,40.6846,71.4085,15.4332,0.0583254,67.4627,24.8599,-0.140996,0.813219,0.580653,0.648522,34.8174
371,42.7703,37.0373,40.162,71.2221,15.0307,0.24217,67.305,24.0808,0.206465,0.80739,0.581172,0.644344,34.5781
372,42.2767,36.8409,39.6475,71.0427,14.5881,0.434498,67.1575,23.2368,0.567222,0.80129,0.581961,0.640174,34.3334
373,41.7809,36.6591,39.1429,70.8709,14.105,0.634698,67.0205,22.3295,0.939457,0.794925,0.583015,0.636027,34.0842
374,41.284,36.492,38.6499,70.7068,13.5808,0.842096,66.8942,21.3607,1.32128,0.788299,0.584326,0.631918,33.8318
375,40.7869,36.3398,38.17,70.5507,13.0149,1.05594,66.7788,20.3324,1.71074,0.781418,0.585884,0.627863,33.5777
376,40.2908,36.2026,37.705,70.403,12.4068,1.27539,66.6744,19.2468,2.10584,0.774288,0.587682,0.623877,33.3233
377,39.7965,36.0803,37.2562,70.2638,11.7561,1.49948,66.5812,18.1063,2.50453,0.766915,0.589709,0.619975,33.0703
378,39.3051,35.973,36.8252,70.1334,11.0622,1.72713,66.4993,16.9136,2.90476,0.759305,0.591954,0.616172,32.8208
379,38.8176,35.8806,36.4132,70.0119,10.3247,1.95705,66.4286,15.6714,3.30443,0.751466,0.594406,0.612484,32.5765
380,38.3347,35.8032,36.0217,69.8995,9.54349,2.18771,66.3693,14.3827,3.7015,0.743404,0.597055,0.608924,32.3397
381,37.8576,35.7405,35.6516,69.7963,8.71844,2.41726,66.3212,13.0507,4.09388,0.735126,0.599886,0.605508,32.1126
382,37.387,35.6926,35.3042,69.7025,7.84997,2.64343,66.2844,11.6788,4.47957,0.726642,0.60289,0.602248,31.8974
383,36.9238,35.6592,34.9804,69.6181,6.93925,2.86348,66.2587,10.2704,4.85657,0.717957,0.606052,0.599158,31.6963
384,36.4689,35.6401,34.6812,69.5431,5.98887,3.07416,66.244,8.82921,5.22299,0.709083,0.609361,0.59625,31.5118
385,36.0232,35.6352,34.4073,69.4777,5.00384,3.27218,66.2402,7.35903,5.57696,0.700027,0.612803,0.593536,31.3464
386,35.5873,35.6442,34.1595,69.4217,3.99282,3.45572,66.2472,5.8638,5.91674,0.690801,0.616366,0.591027,31.2041
387,35.162,35.6668,33.9383,69.3752,2.96838,3.62809,66.2646,4.34757,6.24069,0.681413,0.620038,0.588732,31.0918
388,34.7482,35.7029,33.7443,69.3382,1.94206,3.80308,66.2923,2.81453,6.54727,0.671876,0.623806,0.58666,31.0221
389,34.3465,35.752,33.5779,69.3105,0.910668,4.00363,66.33,1.26894,6.83509,0.662201,0.627657,0.58482,31.0114
390,33.9576,35.8138,33.4395,69.2921,-0.151918,4.24043,66.3774,-0.284876,7.10288,0.652401,0.631579,0.583218,31.066
391,33.5821,35.8881,33.3291,69.2829,-1.27004,4.49023,66.4343,-1.84252,7.34953,0.64249,0.635561,0.581859,31.1719
392,33.2207,35.9743,33.247,69.2827,-2.43566,4.71437,66.5003,-3.39954,7.5741,0.632482,0.639591,0.580748,31.3072
393,32.874,36.0722,33.1931,69.2915,-3.61758,4.88987,66.5751,-4.9515,7.77581,0.622393,0.643657,0.579888,31.4584
394,32.5425,36.1814,33.1674,69.3089,-4.78574,5.01348,66.6583,-6.49394,7.95405,0.612239,0.647749,0.579279,31.6216
395,32.2267,36.3013,33.1696,69.3349,-5.9206,5.09133,66.7495,-8.02241,8.10838,0.602038,0.651856,0.578923,31.7968
396,31.9271,36.4317,33.1995,69.3691,-7.01179,5.13139,66.8484,-9.53253,8.23855,0.591809,0.655966,0.578818,31.984
397,31.6442,36.572,33.2566,69.4115,-8.05457,5.14065,66.9546,-11.02,8.34448,0.581572,0.660072,0.578962,32.1825
398,31.3784,36.7217,33.3405,69.4618,-9.04722,5.12459,67.0677,-12.4805,8.42626,0.571351,0.664162,0.57935,32.3906
399,31.13,36.8804,33.4505,69.5197,-9.98959,5.08739,67.1872,-13.9099,8.48418,0.561167,0.668227,0.579978,32.6065
400,30.8994,37.0477,33.5861,69.5849,-10.8823,5.03229,67.3128,-15.3042,8.51866,0.551047,0.672259,0.580839,32.8281
401,30.6868,37.2229,33.7463,69.6572,-11.7263,4.96183,67.444,-16.6596,8.5303,0.541016,0.67625,0.581925,33.053
402,30.4926,37.4057,33.9302,69.7363,-12.5227,4.87811,67.5803,-17.9723,8.51986,0.531104,0.68019,0.583227,33.2794
403,30.317,37.5954,34.137,69.8218,-13.2727,4.7829,67.7214,-19.2389,8.48823,0.521341,0.684072,0.584736,33.5052
404,30.16,37.7916,34.3655,69.9136,-13.9774,4.67774,67.8667,-20.4561,8.43643,0.51176,0.68789,0.586439,33.7287
405,30.0219,37.9937,34.6145,70.0111,-14.638,4.56402,68.016,-21.6207,8.36562,0.502394,0.691635,0.588326,33.9484
406,29.9027,38.2012,34.8829,70.1142,-15.2556,4.44302,68.1686,-22.7299,8.27705,0.49328,0.695301,0.590383,34.163
407,29.8025,38.4135,35.1691,70.2224,-15.8312,4.31591,68.3243,-23.7812,8.17206,0.484455,0.698883,0.592597,34.3713
408,29.7212,38.6301,35.472,70.3355,-16.3659,4.18382,68.4825,-24.7722,8.05209,0.47596,0.702373,0.594953,34.5724
409,29.6588,38.8504,35.7899,70.4531,-16.8606,4.04782,68.6428,-25.7009,7.91862,0.467834,0.705767,0.597438,34.7655
410,29.6153,39.074,36.1214,70.5749,-17.3163,3.90891,68.8048,-26.5653,7.7732,0.460119,0.709059,0.600035,34.9498
411,29.5905,39.3002,36.4649,70.7004,-17.734,3.76808,68.9682,-27.3641,7.61741,0.452859,0.712245,0.602731,35.1249
412,29.5842,39.5285,36.8187,70.8294,-18.1145,3.62627,69.1324,-28.0959,7.45284,0.446096,0.715319,0.605508,35.2903
413,29.5963,39.7584,37.1812,70.9615,-18.4587,3.48436,69.2971,-28.7598,7.2811,0.439872,0.718278,0.608353,35.4457
414,29.6265,39.9894,37.5506,71.0964,-18.7674,3.34323,69.4619,-29.355,7.1038,0.434229,0.721118,0.611248,35.5909
415,29.6746,40.2208,37.9254,71.2337,-19.0415,3.2037,69.6265,-29.8811,6.92251,0.429205,0.723835,0.61418,35.7257
416,29.7401,40.4522,38.3037,71.373,-19.2816,3.06655,69.7904,-30.3379,6.73879,0.424837,0.726425,0.617134,35.8501
417,29.8229,40.683,38.6838,71.5141,-19.4885,2.93254,69.9533,-30.7254,6.55414,0.421159,0.728887,0.620094,35.964
418,29.9224,40.9128,39.0641,71.6566,-19.663,2.80239,70.1148,-31.044,6.37005,0.418198,0.731216,0.623046,36.0675
419,30.0384,41.141,39.4427,71.8001,-19.8057,2.67676,70.2746,-31.294,6.18791,0.415978,0.733411,0.625977,36.1606
420,30.1703,41.3672,39.8182,71.9443,-19.9172,2.55629,70.4324,-31.4763,6.00908,0.414517,0.735469,0.628874,36.2434
421,30.3178,41.5908,40.1887,72.0889,-19.9982,2.44159,70.5879,-31.5916,5.83482,0.413823,0.737388,0.631723,36.3162
422,30.4802,41.8113,40.5528,72.2336,-20.0493,2.33322,70.7406,-31.6412,5.66633,0.413902,0.739167,0.634512,36.379
423,30.6571,42.0283,40.9089,72.378,-20.071,2.2317,70.8905,-31.6263,5.50474,0.414749,0.740803,0.637231,36.4321
424,30.8478,42.2414,41.2554,72.5219,-20.0638,2.13753,71.037,-31.5482,5.35108,0.416355,0.742296,0.639869,36.4757
425,31.0519,42.45,41.5911,72.6648,-20.0283,2.05116,71.18,-31.4086,5.2063,0.418701,0.743644,0.642414,36.51
426,31.2687,42.6536,41.9144,72.8066,-19.9649,1.97302,71.3193,-31.2091,5.07127,0.421765,0.744846,0.644859,36.5354
427,31.4975,42.852,42.2242,72.9468,-19.8741,1.90347,71.4544,-30.9516,4.94676,0.425517,0.745902,0.647194,36.5522
428,31.7378,43.0445,42.5192,73.0852,-19.7563,1.84289,71.5852,-30.6379,4.83345,0.429923,0.746811,0.649411,36.5607
429,31.9888,43.2309,42.7983,73.2215,-19.6118,1.79158,71.7114,-30.2701,4.73195,0.434946,0.747573,0.651503,36.5611
430,32.2498,43.4107,43.0605,73.3554,-19.4411,1.74983,71.8329,-29.8501,4.64275,0.440544,0.748186,0.653465,36.5539
431,32.5201,43.5835,43.3048,73.4866,-19.2443,1.7179,71.9492,-29.3801,4.56627,0.446676,0.748652,0.655289,36.5395
432,32.7989,43.749,43.5305,73.6149,-19.022,1.696,72.0604,-28.8624,4.50283,0.453296,0.748971,0.656972,36.5183
433,33.0856,43.9067,43.7368,73.7399,-18.7742,1.68433,72.1661,-28.2991,4.45269,0.46036,0.749142,0.658508,36.4906
434,33.3794,44.0563,43.9231,73.8615,-18.5012,1.68304,72.2661,-27.6924,4.41599,0.467823,0.749166,0.659895,36.4571
435,33.6794,44.1976,44.0888,73.9792,-18.2034,1.69226,72.3603,-27.0447,4.39281,0.475641,0.749045,0.66113,36.4181
436,33.985,44.3301,44.2336,74.093,-17.8808,1.71209,72.4486,-26.3583,4.38316,0.483771,0.748778,0.66221,36.3741
437,34.2953,44.4536,44.3572,74.2026,-17.5335,1.7426,72.5307,-25.6353,4.38695,0.492171,0.748368,0.663135,36.3258
438,34.6095,44.5679,44.4592,74.3078,-17.1619,1.78381,72.6065,-24.8782,4.40403,0.500801,0.747815,0.663903,36.2738
439,34.9269,44.6727,44.5397,74.4082,-16.7658,1.83574,72.6759,-24.0892,4.4342,0.509623,0.747121,0.664514,36.2185
440,35.2466,44.7678,44.5986,74.5039,-16.3455,1.89835,72.7387,-23.2706,4.47718,0.518601,0.746288,0.66497,36.1608
441,35.568,44.853,44.636,74.5945,-15.901,1.97158,72.795,-22.4246,4.53265,0.5277,0.745318,0.66527,36.1012
442,35.8902,44.9281,44.6521,74.6799,-15.4322,2.05532,72.8445,-21.5535,4.60022,0.536888,0.744213,0.665418,36.0406
443,36.2124,44.993,44.6472,74.76,-14.9392,2.14942,72.8873,-20.6596,4.67948,0.546136,0.742976,0.665414,35.9797
444,36.534,45.0477,44.6215,74.8346,-14.4219,2.25371,72.9233,-19.7449,4.76995,0.555414,0.741609,0.665261,35.9193
445,36.8541,45.092,44.5756,74.9036,-13.8803,2.3679,72.9524,-18.8118,4.87114,0.564698,0.740115,0.664963,35.8603
446,37.172,45.1259,44.5099,74.9669,-13.3142,2.49169,72.9747,-17.8623,4.98253,0.573961,0.738498,0.664523,35.8035
447,37.4871,45.1494,44.425,75.0243,-12.7236,2.62464,72.9901,-16.8985,5.10357,0.583183,0.736762,0.663944,35.7499
448,37.7987,45.1624,44.3215,75.0759,-12.1082,2.76622,72.9987,-15.9226,5.23367,0.592341,0.734908,0.663232,35.7003
449,38.106,45.1652,44.2001,75.1216,-11.468,2.91574,73.0005,-14.9365,5.37227,0.601417,0.732943,0.662389,35.6557
450,38.4085,45.1577,44.0614,75.1613,-10.8028,3.07229,72.9956,-13.9423,5.51877,0.610392,0.730869,0.661421,35.6169
451,38.7055,45.14,43.9063,75.195,-10.1126,3.23473,72.984,-12.942,5.67255,0.619251,0.728692,0.660333,35.5846
452,38.9964,45.1124,43.7356,75.2227,-9.39735,3.40152,72.9658,-11.9375,5.83301,0.627977,0.726416,0.65913,35.5596
453,39.2806,45.0749,43.55,75.2444,-8.65741,3.57071,72.9412,-10.9307,5.99952,0.636558,0.724046,0.657818,35.5422
454,39.5577,45.0278,43.3504,75.2601,-7.89343,3.73972,72.9102,-9.92349,6.17147,0.644981,0.721587,0.656401,35.5326
455,39.827,44.9712,43.1378,75.27,-7.10679,3.90529,72.8729,-8.91764,6.34824,0.653233,0.719044,0.654886,35.5306
456,40.0882,44.9056,42.913,75.2739,-6.29992,4.06338,72.8297,-7.91495,6.52919,0.661305,0.716423,0.653278,35.5354
457,40.3408,44.831,42.677,75.2721,-5.47695,4.20923,72.7805,-6.91716,6.71369,0.669186,0.713729,0.651585,35.5459
458,40.5843,44.7479,42.4307,75.2646,-4.64433,4.33776,72.7256,-5.92594,6.90112,0.676869,0.710969,0.649811,35.5602
459,40.8184,44.6566,42.1751,75.2515,-3.81139,4.4445,72.6652,-4.94295,7.09082,0.684344,0.708149,0.647964,35.5764
460,41.0428,44.5573,41.9113,75.2329,-2.99024,4.5272,72.5995,-3.96976,7.28216,0.691606,0.705274,0.64605,35.5933
461,41.2571,44.4506,41.6401,75.209,-2.19427,4.58757,72.5286,-3.00793,7.47449,0.698648,0.702352,0.644076,35.6109
462,41.4611,44.3367,41.3627,75.1799,-1.43508,4.6322,72.453,-2.05894,7.66715,0.705464,0.699388,0.642049,35.6314
463,41.6545,44.2161,41.08,75.1457,-0.718943,4.67105,72.3727,-1.12423,7.85948,0.712049,0.696389,0.639976,35.6583
464,41.8371,44.0892,40.793,75.1067,-0.0454212,4.71385,72.2881,-0.205198,8.05081,0.7184,0.693363,0.637864,35.6953
465,42.0088,43.9564,40.5028,75.0629,0.590897,4.76676,72.1994,0.696815,8.24048,0.724512,0.690315,0.635721,35.7447
466,42.1694,43.8182,40.2105,75.0147,1.1969,4.83134,72.1068,1.58052,8.42782,0.730382,0.687253,0.633553,35.8061
467,42.3189,43.675,39.9169,74.9622,1.77824,4.90579,72.0107,2.44468,8.61216,0.736007,0.684183,0.63137,35.8778
468,42.4571,43.5273,39.6232,74.9056,2.33842,4.9869,71.9114,3.28809,8.79282,0.741385,0.681113,0.629177,35.9572
469,42.584,43.3755,39.3303,74.8451,2.8791,5.07141,71.8091,4.10962,8.96916,0.746515,0.678049,0.626983,36.0417
470,42.6997,43.2201,39.0391,74.7809,3.40073,5.15663,71.7041,4.90818,9.1405,0.751395,0.674999,0.624795,36.1289
471,42.8041,43.0616,38.7507,74.7134,3.90318,5.24058,71.5968,5.68271,9.3062,0.756025,0.671969,0.622621,36.217
472,42.8973,42.9005,38.4659,74.6426,4.38609,5.32186,71.4874,6.43223,9.46564,0.760402,0.668966,0.620468,36.3043
473,42.9793,42.7371,38.1856,74.5689,4.84906,5.39951,71.3762,7.15579,9.61818,0.764528,0.665997,0.618343,36.3896
474,43.0503,42.5721,37.9107,74.4924,5.29175,5.47289,71.2636,7.8525,9.76322,0.768402,0.663069,0.616253,36.4718
475,43.1104,42.4057,37.642,74.4135,5.71388,5.54155,71.1497,8.5215,9.90019,0.772025,0.660188,0.614206,36.55
476,43.1597,42.2386,37.3803,74.3324,6.11529,5.60519,71.0351,9.162,10.0285,0.775397,0.657361,0.612208,36.6235
477,43.1983,42.071,37.1263,74.2493,6.49584,5.66356,70.9198,9.77325,10.1477,0.778518,0.654594,0.610267,36.6916
478,43.2264,41.9035,36.8809,74.1644,6.85548,5.7165,70.8043,10.3546,10.2571,0.781391,0.651894,0.608388,36.7536
479,43.2442,41.7364,36.6445,74.078,7.19419,5.76387,70.6888,10.9053,10.3564,0.784017,0.649265,0.606577,36.8092
480,43.252,41.5703,36.4179,73.9903,7.51199,5.80555,70.5736,11.4249,10.445,0.786396,0.646715,0.60484,36.8579
481,43.2498,41.4053,36.2017,73.9016,7.80892,5.84145,70.459,11.9127,10.5226,0.78853,0.644248,0.603184,36.8991
482,43.238,41.242,35.9964,73.8121,8.08503,5.87149,70.3451,12.3683,10.5887,0.790422,0.64187,0.601613,36.9327
483,43.2168,41.0806,35.8026,73.722,8.34039,5.89559,70.2324,12.7913,10.6431,0.792073,0.639586,0.600131,36.9581
484,43.1863,40.9216,35.6205,73.6315,8.57508,5.9137,70.121,13.1813,10.6853,0.793486,0.6374,0.598745,36.9753
485,43.147,40.7653,35.4508,73.5408,8.78918,5.92575,70.0111,13.5379,10.7151,0.794662,0.635317,0.597457,36.9839
486,43.0989,40.6118,35.2938,73.4502,8.98278,5.93171,69.9031,13.8609,10.7323,0.795604,0.633341,0.596272,36.9837
487,43.0424,40.4617,35.1497,73.3599,9.15597,5.93154,69.7971,14.1499,10.7367,0.796315,0.631476,0.595193,36.9745
488,42.9778,40.315,35.0189,73.27,9.30884,5.92522,69.6933,14.4049,10.7282,0.796796,0.629725,0.594223,36.9562
489,42.9052,40.1721,34.9015,73.1807,9.44148,5.91275,69.592,14.6257,10.7066,0.797051,0.628091,0.593364,36.9287
490,42.825,40.0333,34.7979,73.0922,9.55397,5.89413,69.4932,14.8122,10.672,0.797083,0.626577,0.592619,36.8919
491,42.7375,39.8986,34.7081,73.0047,9.64639,5.86938,69.3973,14.9643,10.6243,0.796893,0.625186,0.591989,36.8458
492,42.6428,39.7685,34.6322,72.9183,9.71883,5.83854,69.3043,15.082,10.5636,0.796485,0.62392,0.591475,36.7902
493,42.5413,39.6429,34.5704,72.8333,9.77136,5.80165,69.2145,15.1655,10.4901,0.795861,0.62278,0.591078,36.7253
494,42.4333,39.5222,34.5225,72.7496,9.80406,5.75879,69.1279,15.2146,10.4038,0.795025,0.621768,0.590799,36.6511
495,42.319,39.4065,34.4885,72.6676,9.817,5.71003,69.0447,15.2297,10.3051,0.793979,0.620886,0.590636,36.5676
496,42.1986,39.2959,34.4685,72.5873,9.81023,5.65548,68.965,15.2108,10.1942,0.792727,0.620133,0.590589,36.475
497,42.0726,39.1905,34.4621,72.5088,9.78382,5.59526,68.889,15.1581,10.0715,0.791272,0.619511,0.590657,36.3734
498,41.941,39.0905,34.4693,72.4323,9.73783,5.52951,68.8168,15.0718,9.93743,0.789616,0.619019,0.590838,36.263
499,41.8042,38.996,34.4899,72.3579,9.6723,5.45839,68.7484,14.9524,9.79236,0.787762,0.618658,0.59113,36.144
500,41.6624,38.907,34.5236,72.2856,9.58728,5.38207,68.6839,14.8,9.63683,0.785715,0.618426,0.59153,36.0166
501,41.5159,38.8237,34.57,72.2156,9.48282,5.30075,68.6234,14.615,9.47141,0.783477,0.618324,0.592035,35.8811
502,41.3649,38.7461,34.6289,72.148,9.35895,5.21464,68.567,14.3978,9.2967,0.781051,0.61835,0.592642,35.7378
503,41.2097,38.6742,34.6998,72.0828,9.21572,5.12398,68.5146,14.1489,9.11336,0.778441,0.618502,0.593346,35.587
504,41.0506,38.6081,34.7824,72.0201,9.05314,5.02901,68.4665,13.8688,8.9221,0.775651,0.618779,0.594144,35.4292
505,40.8877,38.5478,34.876,71.96,8.87124,4.93002,68.4224,13.5579,8.72366,0.772683,0.619179,0.59503,35.2648
506,40.7213,38.4933,34.9802,71.9025,8.67005,4.82728,68.3826,13.2167,8.51882,0.769541,0.619699,0.595999,35.0942
507,40.5516,38.4446,35.0945,71.8476,8.44957,4.72111,68.347,12.846,8.3084,0.76623,0.620338,0.597046,34.9178
508,40.3788,38.4016,35.2182,71.7955,8.20982,4.61183,68.3156,12.4463,8.09327,0.762753,0.621092,0.598164,34.7363
509,40.2033,38.3644,35.3508,71.7461,7.9508,4.49978,68.2883,12.0182,7.8743,0.759113,0.621958,0.599349,34.5503
510,40.0251,38.3328,35.4914,71.6995,7.67251,4.38532,68.2652,11.5625,7.6524,0.755316,0.622933,0.600593,34.3603
511,39.8445,38.3069,35.6395,71.6556,7.37493,4.26882,68.2462,11.08,7.42849,0.751364,0.624013,0.60189,34.167
512,39.6618,38.2865,35.7943,71.6145,7.05806,4.15064,68.2313,10.5713,7.20353,0.747263,0.625195,0.603232,33.9711
513,39.477,38.2716,35.955,71.5762,6.72187,4.03118,68.2203,10.0374,6.97844,0.743017,0.626475,0.604614,33.7734
514,39.2905,38.2621,36.1208,71.5407,6.36634,3.91084,68.2134,9.47897,6.7542,0.73863,0.627849,0.606027,33.5746
515,39.1024,38.2579,36.291,71.5079,5.99145,3.78999,68.2102,8.89704,6.53174,0.734107,0.629313,0.607465,33.3756
516,38.9129,38.2588,36.4647,71.4778,5.59717,3.66902,68.2109,8.2925,6.31201,0.729454,0.630862,0.608921,33.1773
517,38.7223,38.2648,36.6412,71.4505,5.18353,3.54833,68.2153,7.66632,6.09593,0.724675,0.632492,0.610387,32.9807
518,38.5307,38.2757,36.8195,71.4259,4.75055,3.42829,68.2233,7.01953,5.88441,0.719777,0.634198,0.611857,32.7866
519,38.3384,38.2914,36.9989,71.4039,4.29835,3.30926,68.2348,6.35316,5.67833,0.714764,0.635976,0.613322,32.5961
520,38.1455,38.3117,37.1786,71.3845,3.82719,3.19165,68.2497,5.66833,5.47854,0.709642,0.637821,0.614778,32.4104
521,37.9523,38.3366,37.3576,71.3677,3.33752,3.07595,68.2679,4.96617,5.28585,0.704419,0.639727,0.616216,32.2308
522,37.759,38.3657,37.5353,71.3535,2.83014,2.96286,68.2893,4.24786,5.10104,0.6991,0.641691,0.617631,32.0586
523,37.5657,38.399,37.7109,71.3417,2.30632,2.85369,68.3137,3.51463,4.92483,0.693693,0.643707,0.619015,31.8959
524,37.3729,38.4364,37.8836,71.3324,1.76773,2.75103,68.341,2.76776,4.75793,0.688204,0.645769,0.620365,31.7455
525,37.1805,38.4775,38.0526,71.3254,1.21567,2.65996,68.3711,2.00856,4.60096,0.682641,0.647874,0.621672,31.6115
526,36.989,38.5224,38.2172,71.3208,0.648288,2.58903,68.4039,1.23838,4.4545,0.677013,0.650016,0.622933,31.5001
527,36.7984,38.5706,38.3769,71.3184,0.0555273,2.54746,68.4391,0.458633,4.31908,0.671327,0.652189,0.624143,31.4173
528,36.6092,38.6222,38.5309,71.3182,-0.58116,2.53459,68.4767,-0.329234,4.19519,0.665592,0.654388,0.625295,31.363
529,36.4214,38.6768,38.6786,71.3202,-1.27303,2.53152,68.5165,-1.12373,4.08323,0.659817,0.656609,0.626387,31.3272
530,36.2354,38.7342,38.8195,71.3241,-2.00757,2.51479,68.5583,-1.92334,3.98356,0.654012,0.658846,0.627415,31.2988
531,36.0514,38.7943,38.9531,71.3301,-2.75789,2.47529,68.602,-2.72649,3.8965,0.648188,0.661093,0.628374,31.2744
532,35.8697,38.8569,39.0788,71.3379,-3.50114,2.41763,68.6475,-3.53157,3.82229,0.642353,0.663347,0.629261,31.2575
533,35.6905,38.9216,39.1962,71.3475,-4.22432,2.35071,68.6945,-4.33696,3.76112,0.63652,0.6656,0.630074,31.2528
534,35.514,38.9884,39.305,71.3588,-4.92163,2.28217,68.7429,-5.14099,3.71312,0.6307,0.667849,0.630809,31.2632
535,35.3406,39.0569,39.4046,71.3718,-5.59109,2.21729,68.7925,-5.94197,3.67839,0.624904,0.670089,0.631465,31.2902
536,35.1704,39.1269,39.4949,71.3863,-6.23244,2.15937,68.8431,-6.7382,3.65694,0.619146,0.672313,0.63204,31.3338
537,35.0038,39.1982,39.5755,71.4022,-6.84608,2.11032,68.8946,-7.52795,3.64877,0.613436,0.674517,0.632532,31.3934
538,34.841,39.2706,39.6463,71.4195,-7.43264,2.07119,68.9468,-8.30947,3.6538,0.607789,0.676696,0.632939,31.468
539,34.6822,39.3437,39.7069,71.438,-7.99277,2.04247,68.9995,-9.08104,3.67191,0.602218,0.678845,0.633261,31.5563
540,34.5277,39.4173,39.7572,71.4576,-8.52707,2.02431,69.0525,-9.8409,3.70295,0.596737,0.68096,0.633498,31.6568
541,34.3777,39.4913,39.7972,71.4782,-9.03607,2.01666,69.1057,-10.5873,3.74671,0.59136,0.683035,0.633648,31.7681
542,34.2325,39.5653,39.8267,71.4997,-9.52021,2.01931,69.1588,-11.3186,3.80295,0.586102,0.685066,0.633712,31.8887
543,34.0923,39.6391,39.8457,71.522,-9.97988,2.03197,69.2117,-12.0329,3.87137,0.580977,0.687048,0.63369,32.0173
544,33.9573,39.7124,39.8543,71.545,-10.4154,2.05432,69.2642,-12.7287,3.95167,0.576,0.688978,0.633583,32.1526
545,33.8278,39.785,39.8524,71.5686,-10.8271,2.08597,69.3161,-13.4043,4.04348,0.571186,0.69085,0.633391,32.2931
546,33.7039,39.8567,39.8402,71.5927,-11.2151,2.12654,69.3673,-14.0581,4.14642,0.566549,0.692661,0.633115,32.4378
547,33.586,39.9272,39.8177,71.6171,-11.5797,2.17563,69.4177,-14.6884,4.26006,0.562106,0.694407,0.632758,32.5855
548,33.4741,39.9963,39.7852,71.6418,-11.921,2.23284,69.4669,-15.2937,4.38396,0.55787,0.696084,0.63232,32.7352
549,33.3685,40.0639,39.7428,71.6667,-12.2393,2.29774,69.515,-15.8726,4.51763,0.553857,0.697689,0.631803,32.8858
550,33.2693,40.1296,39.6908,71.6916,-12.5346,2.36994,69.5617,-16.4236,4.66058,0.55008,0.699218,0.63121,33.0365
551,33.1769,40.1933,39.6294,71.7165,-12.807,2.44903,69.607,-16.9453,4.81226,0.546553,0.700668,0.630544,33.1864
552,33.0913,40.2548,39.559,71.7413,-13.0568,2.53459,69.6506,-17.4365,4.97212,0.543289,0.702037,0.629806,33.3347
553,33.0127,40.3139,39.4799,71.766,-13.2838,2.62623,69.6926,-17.8959,5.13959,0.540301,0.703321,0.629,33.4807
554,32.9413,40.3706,39.3925,71.7903,-13.4884,2.72354,69.7327,-18.3224,5.31406,0.5376,0.704519,0.628129,33.6239
555,32.8772,40.4246,39.2972,71.8144,-13.6705,2.82612,69.7709,-18.7149,5.49491,0.535197,0.705628,0.627196,33.7635
556,32.8206,40.4757,39.1945,71.8381,-13.8302,2.93357,69.807,-19.0724,5.6815,0.533102,0.706646,0.626206,33.8991
557,32.7717,40.524,39.0847,71.8613,-13.9677,3.04548,69.8411,-19.394,5.87319,0.531322,0.707571,0.625163,34.0301
558,32.7304,40.5693,38.9685,71.8841,-14.0828,3.16147,69.8731,-19.6789,6.06929,0.529865,0.708401,0.624069,34.1562
559,32.6969,40.6114,38.8463,71.9063,-14.1759,3.28114,69.9028,-19.9265,6.26915,0.528737,0.709137,0.622931,34.277
560,32.6714,40.6504,38.7186,71.9279,-14.2469,3.40409,69.9303,-20.1362,6.47206,0.527941,0.709775,0.621751,34.3921
561,32.6539,40.6862,38.5861,71.949,-14.2958,3.52993,69.9555,-20.3073,6.67735,0.52748,0.710317,0.620535,34.5012
562,32.6444,40.7186,38.4491,71.9693,-14.3229,3.65828,69.9783,-20.4397,6.88433,0.527355,0.71076,0.619287,34.6041
563,32.643,40.7477,38.3084,71.989,-14.3281,3.78874,69.9988,-20.5331,7.0923,0.527566,0.711105,0.618012,34.7007
564,32.6497,40.7735,38.1645,72.0081,-14.3116,3.92093,70.0169,-20.5872,7.30059,0.52811,0.711352,0.616716,34.7907
565,32.6645,40.7959,38.0179,72.0264,-14.2735,4.05447,70.0327,-20.6022,7.50853,0.528982,0.7115,0.615401,34.8741
566,32.6874,40.8149,37.8692,72.044,-14.2138,4.18899,70.0461,-20.578,7.71546,0.530179,0.711551,0.614074,34.9507
567,32.7183,40.8306,37.7189,72.0608,-14.1328,4.32411,70.0571,-20.515,7.92074,0.531692,0.711504,0.612739,35.0205
568,32.7573,40.843,37.5676,72.0769,-14.0306,4.45947,70.0658,-20.4135,8.12375,0.533513,0.711361,0.6114,35.0836
569,32.8041,40.852,37.4158,72.0923,-13.9072,4.59468,70.0721,-20.2739,8.32388,0.535633,0.711122,0.610063,35.1399
570,32.8587,40.8578,37.264,72.1068,-13.763,4.72939,70.0762,-20.0969,8.52056,0.53804,0.710789,0.608731,35.1896
571,32.921,40.8604,37.1127,72.1207,-13.598,4.86323,70.078,-19.8832,8.71323,0.540721,0.710364,0.607409,35.2327
572,32.9907,40.8598,36.9624,72.1338,-13.4125,4.99584,70.0776,-19.6336,8.90136,0.543665,0.709847,0.606101,35.2694
573,33.0678,40.8561,36.8135,72.1461,-13.2068,5.12684,70.075,-19.3489,9.08446,0.546857,0.709242,0.604811,35.2998
574,33.152,40.8494,36.6665,72.1576,-12.981,5.25588,70.0703,-19.0303,9.26205,0.550283,0.708549,0.603543,35.3241
575,33.2432,40.8397,36.5218,72.1684,-12.7356,5.38258,70.0635,-18.6789,9.4337,0.553926,0.707771,0.602301,35.3426
576,33.341,40.8273,36.3797,72.1785,-12.4707,5.50656,70.0547,-18.2958,9.59898,0.557771,0.706912,0.601087,35.3554
577,33.4453,40.812,36.2407,72.1879,-12.1868,5.62744,70.044,-17.8825,9.75753,0.561803,0.705972,0.599905,35.3629
578,33.5557,40.7941,36.105,72.1965,-11.8843,5.74482,70.0314,-17.4402,9.90899,0.566004,0.704956,0.598759,35.3653
579,33.672,40.7736,35.973,72.2043,-11.5635,5.85831,70.017,-16.9704,10.053,0.570359,0.703866,0.597651,35.363
580,33.7938,40.7507,35.8451,72.2115,-11.225,5.9675,70.0009,-16.4747,10.1894,0.574852,0.702705,0.596584,35.3561
581,33.9209,40.7255,35.7214,72.218,-10.8693,6.07194,69.9832,-15.9546,10.3178,0.579465,0.701476,0.59556,35.3451
582,34.053,40.698,35.6022,72.2238,-10.4969,6.17121,69.9638,-15.4117,10.438,0.584184,0.700183,0.594581,35.3302
583,34.1896,40.6685,35.4878,72.229,-10.1086,6.26486,69.943,-14.8478,10.5499,0.588992,0.69883,0.59365,35.3118
584,34.3304,40.637,35.3784,72.2335,-9.70496,6.3524,69.9208,-14.2644,10.6532,0.593875,0.69742,0.592769,35.2902
585,34.4752,40.6036,35.2741,72.2373,-9.28685,6.43337,69.8973,-13.6633,10.7479,0.598817,0.695956,0.591939,35.2657
586,34.6234,40.5686,35.1752,72.2406,-8.85512,6.50726,69.8726,-13.0463,10.8337,0.603803,0.694443,0.591161,35.2385
587,34.7748,40.5319,35.0818,72.2432,-8.41077,6.57358,69.8467,-12.4151,10.9107,0.60882,0.692885,0.590437,35.209
588,34.929,40.4938,34.994,72.2453,-7.95487,6.63183,69.8198,-11.7714,10.9787,0.613855,0.691286,0.589769,35.1774
589,35.0856,40.4544,34.912,72.2468,-7.48861,6.68151,69.792,-11.117,11.0378,0.618894,0.689649,0.589156,35.144
590,35.2442,40.4139,34.8359,72.2477,-7.01333,6.72216,69.7633,-10.4537,11.0879,0.623926,0.687978,0.5886,35.109
591,35.4045,40.3723,34.7657,72.2482,-6.53049,6.75334,69.7339,-9.78316,11.1291,0.628937,0.686279,0.588101,35.0726
592,35.566,40.3297,34.7015,72.2481,-6.04166,6.77467,69.7037,-9.10711,11.1614,0.633919,0.684555,0.58766,35.035
593,35.7284,40.2865,34.6434,72.2476,-5.5486,6.78586,69.6731,-8.42723,11.1848,0.638858,0.68281,0.587276,34.9964
594,35.8914,40.2425,34.5913,72.2467,-5.05317,6.78673,69.6419,-7.74516,11.1995,0.643747,0.681049,0.58695,34.957
595,36.0545,40.1981,34.5454,72.2453,-4.55732,6.77726,69.6104,-7.06254,11.2056,0.648574,0.679275,0.586682,34.9169
596,36.2175,40.1533,34.5055,72.2435,-4.06313,6.75759,69.5786,-6.38093,11.2032,0.653332,0.677494,0.586471,34.8765
597,36.3799,40.1082,34.4718,72.2413,-3.57267,6.72806,69.5465,-5.70188,11.1924,0.658013,0.675708,0.586317,34.836
598,36.5414,40.063,34.4441,72.2388,-3.08801,6.68926,69.5144,-5.02687,11.1735,0.662607,0.673923,0.58622,34.7957
599,36.7016,40.0178,34.4224,72.2359,-2.61114,6.64198,69.4822,-4.35735,11.1466,0.667109,0.672142,0.586178,34.756
600,36.8603,39.9726,34.4066,72.2327,-2.14385,6.58725,69.45,-3.69471,11.112,0.671512,0.67037,0.58619,34.7173
