layers,packing,eff_layers,X,Y,Z,Jp,ap,bp,L,a,b,sR,sG,sB,dE_substrate
0,0,0,15.0306,14.8935,29.8644,47.4766,-2.52209,-17.7496,45.488,5.35157,-23.9225,0.364341,0.418406,0.578167,0
1,0.01,0.01,15.0584,14.9388,29.972,47.5343,-2.61745,-17.7767,45.5502,5.25033,-23.9712,0.363813,0.419247,0.579119,0.114718
1,0.02,0.02,15.0862,14.9862,30.0782,47.5947,-2.72067,-17.8001,45.6153,5.13584,-24.0124,0.363236,0.420141,0.580052,0.236493
1,0.03,0.03,15.1139,15.036,30.1829,47.6577,-2.83161,-17.8196,45.6834,5.00815,-24.046,0.362613,0.42109,0.580964,0.365389
1,0.04,0.04,15.1417,15.088,30.286,47.7235,-2.95008,-17.8352,45.7545,4.86735,-24.0717,0.361945,0.422094,0.581855,0.501451
1,0.05,0.05,15.1695,15.1425,30.3873,47.7921,-3.07592,-17.8464,45.8287,4.71355,-24.0892,0.361234,0.423152,0.582723,0.644703
1,0.06,0.06,15.1975,15.1993,30.4868,47.8636,-3.20893,-17.8533,45.906,4.54685,-24.0983,0.360483,0.424264,0.583568,0.795152
1,0.07,0.07,15.2256,15.2587,30.5842,47.938,-3.34892,-17.8557,45.9865,4.36739,-24.0989,0.359694,0.425431,0.584389,0.952791
1,0.08,0.08,15.254,15.3206,30.6796,48.0155,-3.4957,-17.8533,46.0702,4.17533,-24.0906,0.358869,0.426653,0.585184,1.1176
1,0.09,0.09,15.2826,15.385,30.7728,48.0959,-3.64905,-17.846,46.1571,3.97085,-24.0734,0.35801,0.427928,0.585952,1.28954
1,0.1,0.1,15.3117,15.4521,30.8637,48.1795,-3.80876,-17.8337,46.2473,3.75412,-24.047,0.357121,0.429257,0.586694,1.46856
1,0.11,0.11,15.3411,15.5218,30.9522,48.2663,-3.9746,-17.8161,46.3407,3.52537,-24.0113,0.356202,0.43064,0.587407,1.65462
1,0.12,0.12,15.371,15.5942,31.0382,48.3562,-4.14635,-17.7932,46.4375,3.28482,-23.966,0.355258,0.432075,0.588091,1.84765
1,0.13,0.13,15.4014,15.6694,31.1215,48.4494,-4.32376,-17.7647,46.5377,3.03271,-23.9111,0.354291,0.433563,0.588745,2.04756
1,0.14,0.14,15.4324,15.7473,31.2022,48.5458,-4.50659,-17.7305,46.6412,2.76932,-23.8464,0.353304,0.435103,0.589369,2.2543
1,0.15,0.15,15.464,15.828,31.2801,48.6456,-4.69459,-17.6904,46.748,2.49493,-23.7717,0.352299,0.436694,0.589961,2.46775
1,0.16,0.16,15.4963,15.9116,31.355,48.7487,-4.88751,-17.6444,46.8583,2.20983,-23.6869,0.35128,0.438336,0.590521,2.68784
1,0.17,0.17,15.5294,15.9981,31.427,48.8552,-5.08508,-17.5921,46.9719,1.91434,-23.5919,0.350249,0.440028,0.591047,2.91446
1,0.18,0.18,15.5634,16.0874,31.4959,48.965,-5.28702,-17.5336,47.089,1.6088,-23.4867,0.349211,0.441768,0.59154,3.14752
1,0.19,0.19,15.5982,16.1797,31.5616,49.0783,-5.49307,-17.4687,47.2094,1.29355,-23.371,0.348168,0.443557,0.591999,3.38689
1,0.2,0.2,15.6339,16.275,31.6241,49.195,-5.70294,-17.3972,47.3332,0.968976,-23.2448,0.347123,0.445393,0.592423,3.63247
1,0.21,0.21,15.6707,16.3732,31.6833,49.3151,-5.91636,-17.3189,47.4604,0.635446,-23.1081,0.346081,0.447275,0.59281,3.88414
1,0.22,0.22,15.7086,16.4745,31.7391,49.4387,-6.13302,-17.2339,47.5909,0.29336,-22.9607,0.345045,0.449203,0.593162,4.14179
1,0.23,0.23,15.7476,16.5788,31.7914,49.5657,-6.35265,-17.1419,47.7248,-0.0568698,-22.8027,0.344018,0.451175,0.593476,4.4053
1,0.24,0.24,15.7878,16.6861,31.8401,49.6961,-6.57493,-17.0428,47.862,-0.414818,-22.6339,0.343004,0.45319,0.593753,4.67453
1,0.25,0.25,15.8293,16.7965,31.8852,49.83,-6.79958,-16.9366,48.0025,-0.780047,-22.4543,0.342007,0.455246,0.593992,4.94938
1,0.26,0.26,15.8721,16.9099,31.9267,49.9673,-7.02629,-16.8231,48.1463,-1.1521,-22.2639,0.341032,0.457344,0.594192,5.22971
1,0.27,0.27,15.9162,17.0264,31.9644,50.108,-7.25475,-16.7022,48.2933,-1.53053,-22.0628,0.340082,0.459481,0.594353,5.5154
1,0.28,0.28,15.9619,17.1461,31.9983,50.2522,-7.48467,-16.5738,48.4436,-1.91485,-21.8507,0.33916,0.461656,0.594474,5.80632
1,0.29,0.29,16.009,17.2688,32.0284,50.3997,-7.71573,-16.4378,48.5969,-2.30459,-21.6279,0.338273,0.463867,0.594555,6.10234
1,0.3,0.3,16.0578,17.3946,32.0545,50.5505,-7.94761,-16.2943,48.7534,-2.69924,-21.3942,0.337423,0.466115,0.594596,6.40335
1,0.31,0.31,16.1081,17.5235,32.0767,50.7046,-8.18003,-16.143,48.913,-3.09832,-21.1498,0.336614,0.468396,0.594595,6.70921
1,0.32,0.32,16.1602,17.6555,32.0948,50.8621,-8.41265,-15.9839,49.0756,-3.50131,-20.8945,0.335852,0.47071,0.594553,7.01981
1,0.33,0.33,16.214,17.7906,32.1089,51.0227,-8.64518,-15.8169,49.2411,-3.9077,-20.6286,0.335141,0.473055,0.594469,7.33501
1,0.34,0.34,16.2697,17.9288,32.1189,51.1866,-8.8773,-15.6421,49.4096,-4.31698,-20.3519,0.334484,0.47543,0.594343,7.6547
1,0.35,0.35,16.3272,18.07,32.1247,51.3536,-9.10871,-15.4592,49.5809,-4.72862,-20.0646,0.333887,0.477834,0.594175,7.97876
1,0.36,0.36,16.3866,18.2143,32.1264,51.5238,-9.33909,-15.2684,49.755,-5.14209,-19.7668,0.333353,0.480264,0.593963,8.30706
1,0.37,0.37,16.4481,18.3616,32.1239,51.697,-9.56814,-15.0695,49.9318,-5.55686,-19.4584,0.332888,0.482719,0.593709,8.63949
1,0.38,0.38,16.5116,18.512,32.1171,51.8731,-9.79555,-14.8625,50.1113,-5.97242,-19.1397,0.332495,0.485198,0.593411,8.97594
1,0.39,0.39,16.5771,18.6653,32.1061,52.0522,-10.021,-14.6475,50.2933,-6.38822,-18.8106,0.332178,0.4877,0.59307,9.31629
1,0.4,0.4,16.6449,18.8216,32.0908,52.2342,-10.2442,-14.4243,50.4779,-6.80373,-18.4713,0.331942,0.490222,0.592685,9.66043
1,0.41,0.41,16.7148,18.9809,32.0713,52.419,-10.4649,-14.1929,50.6648,-7.21843,-18.1219,0.331791,0.492763,0.592256,10.0082
1,0.42,0.42,16.787,19.1431,32.0474,52.6065,-10.6827,-13.9534,50.8542,-7.63179,-17.7625,0.331728,0.495321,0.591783,10.3596
1,0.43,0.43,16.8615,19.3081,32.0192,52.7966,-10.8974,-13.7058,51.0457,-8.04329,-17.3932,0.331759,0.497896,0.591265,10.7145
1,0.44,0.44,16.9383,19.476,31.9868,52.9894,-11.1086,-13.4501,51.2395,-8.4524,-17.0142,0.331886,0.500485,0.590704,11.0727
1,0.45,0.45,17.0175,19.6467,31.95,53.1846,-11.3161,-13.1863,51.4354,-8.85862,-16.6255,0.332113,0.503086,0.590098,11.4341
1,0.46,0.46,17.0992,19.8201,31.9089,53.3822,-11.5195,-12.9144,51.6332,-9.26142,-16.2274,0.332443,0.505699,0.589448,11.7987
1,0.47,0.47,17.1833,19.9963,31.8636,53.5822,-11.7186,-12.6344,51.833,-9.66032,-15.82,0.33288,0.508322,0.588753,12.1663
1,0.48,0.48,17.27,20.1751,31.814,53.7844,-11.913,-12.3465,52.0346,-10.0548,-15.4035,0.333427,0.510952,0.588014,12.5368
1,0.49,0.49,17.3592,20.3565,31.7601,53.9888,-12.1026,-12.0506,52.2379,-10.4444,-14.978,0.334086,0.513589,0.587232,12.9102
1,0.5,0.5,17.451,20.5405,31.7021,54.1952,-12.2869,-11.7469,52.4429,-10.8287,-14.5437,0.334861,0.516231,0.586405,13.2862
1,0.51,0.51,17.5454,20.727,31.6398,54.4036,-12.4657,-11.4355,52.6494,-11.2071,-14.1009,0.335752,0.518876,0.585534,13.6648
1,0.52,0.52,17.6425,20.9159,31.5734,54.6139,-12.6388,-11.1163,52.8574,-11.5792,-13.6496,0.336764,0.521522,0.58462,14.046
1,0.53,0.53,17.7424,21.1073,31.5029,54.826,-12.8058,-10.7896,53.0667,-11.9445,-13.1901,0.337896,0.524169,0.583663,14.4294
1,0.54,0.54,17.8449,21.3009,31.4284,55.0397,-12.9664,-10.4554,53.2772,-12.3027,-12.7227,0.339151,0.526815,0.582662,14.8151
1,0.55,0.55,17.9502,21.4968,31.3498,55.255,-13.1204,-10.1139,53.4889,-12.6532,-12.2475,0.34053,0.529458,0.581619,15.2029
1,0.56,0.56,18.0582,21.6948,31.2673,55.4717,-13.2674,-9.76527,53.7017,-12.9957,-11.7647,0.342034,0.532096,0.580534,15.5927
1,0.57,0.57,18.1691,21.895,31.1809,55.6898,-13.4073,-9.40964,53.9154,-13.3298,-11.2747,0.343664,0.534729,0.579406,15.9843
1,0.58,0.58,18.2828,22.0971,31.0907,55.9092,-13.5397,-9.04722,54.1299,-13.6551,-10.7776,0.345419,0.537354,0.578238,16.3776
1,0.59,0.59,18.3993,22.3013,30.9968,56.1298,-13.6643,-8.67821,54.3452,-13.9712,-10.2737,0.347301,0.53997,0.577029,16.7725
1,0.6,0.6,18.5186,22.5072,30.8993,56.3514,-13.7809,-8.30285,54.5611,-14.2777,-9.76323,0.349308,0.542576,0.57578,17.1687
1,0.61,0.61,18.6409,22.715,30.7982,56.5739,-13.8893,-7.92138,54.7776,-14.5743,-9.24654,0.351441,0.545171,0.574492,17.5661
1,0.62,0.62,18.766,22.9245,30.6936,56.7973,-13.9891,-7.53408,54.9945,-14.8607,-8.72386,0.353699,0.547752,0.573165,17.9645
1,0.63,0.63,18.894,23.1356,30.5857,57.0214,-14.0801,-7.14124,55.2117,-15.1365,-8.1955,0.35608,0.550318,0.571801,18.3638
1,0.64,0.64,19.0249,23.3482,30.4746,57.2461,-14.1621,-6.7432,55.4292,-15.4014,-7.66174,0.358583,0.552868,0.570399,18.7636
1,0.65,0.65,19.1588,23.5622,30.3603,57.4714,-14.2348,-6.34028,55.6467,-15.6551,-7.12291,0.361207,0.555401,0.568962,19.1639
1,0.66,0.66,19.2955,23.7775,30.2431,57.6971,-14.2981,-5.93286,55.8643,-15.8973,-6.57931,0.36395,0.557915,0.56749,19.5644
1,0.67,0.67,19.4351,23.9941,30.123,57.923,-14.3516,-5.52134,56.0819,-16.1279,-6.03128,0.366811,0.560409,0.565985,19.9648
1,0.68,0.68,19.5777,24.2118,30.0002,58.1492,-14.3953,-5.10614,56.2992,-16.3464,-5.47917,0.369786,0.562881,0.564447,20.365
1,0.69,0.69,19.7231,24.4306,29.8748,58.3754,-14.429,-4.68771,56.5163,-16.5527,-4.92331,0.372874,0.56533,0.562878,20.7646
1,0.7,0.7,19.8714,24.6502,29.7469,58.6016,-14.4524,-4.2665,56.733,-16.7465,-4.36408,0.376073,0.567756,0.561279,21.1634
1,0.71,0.71,20.0226,24.8707,29.6168,58.8277,-14.4654,-3.84303,56.9492,-16.9276,-3.80184,0.379379,0.570155,0.559652,21.5611
1,0.72,0.72,20.1767,25.0919,29.4846,59.0535,-14.468,-3.41779,57.1649,-17.0958,-3.23698,0.382789,0.572528,0.557998,21.9575
1,0.73,0.73,20.3337,25.3137,29.3505,59.2791,-14.4601,-2.99133,57.3798,-17.2509,-2.6699,0.386301,0.574873,0.556319,22.3521
1,0.74,0.74,20.4935,25.5361,29.2147,59.5041,-14.4415,-2.5642,57.594,-17.3928,-2.101,0.389912,0.577189,0.554617,22.7449
1,0.75,0.75,20.6561,25.7588,29.0773,59.7286,-14.4123,-2.13697,57.8074,-17.5212,-1.53071,0.393619,0.579474,0.552893,23.1353
1,0.76,0.76,20.8216,25.9817,28.9386,59.9525,-14.3724,-1.71022,58.0197,-17.636,-0.959454,0.397418,0.581728,0.55115,23.5231
1,0.77,0.77,20.9898,26.2049,28.7987,60.1756,-14.3219,-1.28455,58.231,-17.7371,-0.387681,0.401306,0.583948,0.549389,23.9081
1,0.78,0.78,21.1608,26.428,28.6579,60.3979,-14.2607,-0.860544,58.4411,-17.8243,0.184151,0.405279,0.586135,0.547614,24.2898
1,0.79,0.79,21.3346,26.6511,28.5165,60.6192,-14.1891,-0.438813,58.65,-17.8975,0.755572,0.409335,0.588286,0.545825,24.668
1,0.8,0.8,21.5111,26.874,28.3745,60.8395,-14.1071,-0.01996,58.8575,-17.9566,1.3261,0.41347,0.590401,0.544026,25.0423
1,0.81,0.81,21.6902,27.0966,28.2323,61.0586,-14.0147,0.395418,59.0637,-18.0014,1.89523,0.41768,0.592479,0.542218,25.4124
1,0.82,0.82,21.872,27.3188,28.09,61.2765,-13.9123,0.806731,59.2682,-18.0319,2.46246,0.421962,0.594517,0.540406,25.7781
1,0.83,0.83,22.0564,27.5404,27.9481,61.493,-13.8,1.2134,59.4712,-18.048,3.02727,0.426312,0.596517,0.53859,26.139
1,0.84,0.84,22.2434,27.7613,27.8066,61.7082,-13.678,1.61485,59.6725,-18.0496,3.58911,0.430728,0.598475,0.536775,26.4947
1,0.85,0.85,22.433,27.9814,27.6659,61.9218,-13.5464,2.01054,59.872,-18.0367,4.14743,0.435205,0.600391,0.534963,26.8451
1,0.86,0.86,22.6251,28.2006,27.5262,62.1338,-13.4057,2.39995,60.0696,-18.0091,4.70168,0.43974,0.602265,0.533157,27.1898
1,0.87,0.87,22.8196,28.4188,27.3878,62.3441,-13.256,2.78255,60.2652,-17.9669,5.25127,0.44433,0.604095,0.531361,27.5286
1,0.88,0.88,23.0166,28.6358,27.251,62.5526,-13.0976,3.15788,60.4589,-17.91,5.79562,0.448971,0.605879,0.529578,27.8612
1,0.89,0.89,23.2159,28.8515,27.1161,62.7592,-12.9308,3.52547,60.6503,-17.8383,6.33413,0.45366,0.607618,0.527811,28.1873
1,0.9,0.9,23.4176,29.0658,26.9833,62.9639,-12.7559,3.88488,60.8396,-17.7518,6.86617,0.458394,0.60931,0.526064,28.5068
1,0.91,0.91,23.6215,29.2785,26.853,63.1666,-12.5732,4.23573,61.0267,-17.6505,7.39113,0.463169,0.610954,0.52434,28.8193
1,0.92,0.92,23.8277,29.4896,26.7255,63.3671,-12.3829,4.57762,61.2113,-17.5343,7.90837,0.467982,0.612549,0.522644,29.1247
1,0.93,0.93,24.0361,29.6989,26.601,63.5655,-12.1853,4.9102,61.3935,-17.4034,8.41724,0.472831,0.614094,0.520979,29.4227
1,0.94,0.94,24.2466,29.9063,26.4799,63.7615,-11.9807,5.23315,61.5733,-17.2576,8.91708,0.477712,0.615588,0.519349,29.7131
1,0.95,0.95,24.4592,30.1116,26.3625,63.9553,-11.7694,5.54616,61.7504,-17.0969,9.40724,0.482622,0.617031,0.517759,29.9958
1,0.96,0.96,24.6739,30.3147,26.2491,64.1466,-11.5515,5.84895,61.9248,-16.9214,9.88702,0.487557,0.618421,0.516212,30.2706
1,0.97,0.97,24.8904,30.5156,26.14,64.3354,-11.3274,6.14126,62.0966,-16.7311,10.3558,0.492516,0.619758,0.514713,30.5372
1,0.98,0.98,25.1089,30.7141,26.0356,64.5217,-11.0972,6.42285,62.2655,-16.526,10.8128,0.497495,0.62104,0.513265,30.7956
1,0.99,0.99,25.3293,30.91,25.9362,64.7053,-10.8611,6.69348,62.4316,-16.306,11.2574,0.502491,0.622267,0.511875,31.0456
1,1,1,25.5514,31.1033,25.842,64.8862,-10.6193,6.95296,62.5947,-16.0714,11.6888,0.507502,0.623438,0.510545,31.2869
2,0.01,1.01,25.5589,31.0696,25.9052,64.862,-10.5548,6.8742,62.5664,-15.9177,11.5391,0.507973,0.622885,0.511323,31.1946
2,0.02,1.02,25.5682,31.0352,25.9713,64.8375,-10.4847,6.79239,62.5373,-15.7533,11.3837,0.508504,0.622306,0.512136,31.0984
2,0.03,1.03,25.5793,30.9999,26.0403,64.8126,-10.4089,6.70746,62.5075,-15.5782,11.2226,0.509094,0.6217,0.512981,30.9981
2,0.04,1.04,25.5921,30.9636,26.1122,64.7873,-10.3274,6.61932,62.4769,-15.3924,11.0557,0.509742,0.621066,0.51386,30.8937
2,0.05,1.05,25.6066,30.9265,26.187,64.7615,-10.2402,6.5279,62.4455,-15.1961,10.883,0.510445,0.620405,0.514772,30.7852
2,0.06,1.06,25.6227,30.8883,26.2648,64.7352,-10.1475,6.43311,62.4132,-14.9894,10.7044,0.511202,0.619715,0.515717,30.6725
2,0.07,1.07,25.6403,30.8491,26.3454,64.7083,-10.049,6.33488,62.3801,-14.7723,10.5198,0.512012,0.618997,0.516695,30.5556
2,0.08,1.08,25.6594,30.8089,26.429,64.6808,-9.94502,6.23314,62.346,-14.545,10.3294,0.512873,0.618251,0.517706,30.4344
2,0.09,1.09,25.68,30.7675,26.5155,64.6528,-9.8354,6.12782,62.3109,-14.3076,10.1329,0.513782,0.617476,0.518749,30.309
2,0.1,1.1,25.7019,30.725,26.6049,64.624,-9.7202,6.01884,62.2748,-14.0602,9.93051,0.514739,0.616673,0.519824,30.1792
2,0.11,1.11,25.725,30.6813,26.6972,64.5945,-9.59943,5.90615,62.2376,-13.8029,9.72215,0.515741,0.61584,0.520931,30.045
2,0.12,1.12,25.7495,30.6363,26.7923,64.5642,-9.47312,5.78967,62.1994,-13.5359,9.50784,0.516787,0.614977,0.522068,29.9065
2,0.13,1.13,25.775,30.5902,26.8902,64.5332,-9.34126,5.66934,62.1601,-13.2594,9.28762,0.517874,0.614086,0.523236,29.7636
2,0.14,1.14,25.8017,30.5427,26.9908,64.5013,-9.20389,5.54509,62.1197,-12.9735,9.06151,0.519001,0.613164,0.524434,29.6164
2,0.15,1.15,25.8294,30.494,27.0943,64.4686,-9.06102,5.41686,62.0781,-12.6784,8.82957,0.520166,0.612213,0.525661,29.4647
2,0.16,1.16,25.8581,30.4439,27.2004,64.435,-8.91266,5.28459,62.0354,-12.3743,8.59183,0.521366,0.611233,0.526916,29.3087
2,0.17,1.17,25.8877,30.3925,27.3091,64.4005,-8.75882,5.14821,61.9914,-12.0613,8.34837,0.522601,0.610223,0.528199,29.1483
2,0.18,1.18,25.9181,30.3396,27.4205,64.365,-8.59953,5.00765,61.9462,-11.7396,8.09926,0.523868,0.609183,0.529509,28.9835
2,0.19,1.19,25.9492,30.2854,27.5344,64.3285,-8.4348,4.86286,61.8997,-11.4095,7.84457,0.525165,0.608113,0.530845,28.8144
2,0.2,1.2,25.9811,30.2298,27.6507,64.291,-8.26463,4.71375,61.852,-11.071,7.5844,0.526491,0.607014,0.532206,28.6409
2,0.21,1.21,26.0136,30.1727,27.7695,64.2525,-8.08906,4.56026,61.803,-10.7246,7.31883,0.527842,0.605885,0.533591,28.4631
2,0.22,1.22,26.0466,30.1142,27.8906,64.2129,-7.90808,4.4023,61.7527,-10.3703,7.04798,0.529219,0.604726,0.535,28.281
2,0.23,1.23,26.0802,30.0542,28.0139,64.1722,-7.72171,4.23981,61.701,-10.0083,6.77195,0.530617,0.603539,0.53643,28.0947
2,0.24,1.24,26.1141,29.9928,28.1395,64.1304,-7.52997,4.07269,61.648,-9.63901,6.49086,0.532037,0.602322,0.537882,27.9041
2,0.25,1.25,26.1484,29.9299,28.2671,64.0875,-7.33287,3.90085,61.5937,-9.26253,6.20485,0.533475,0.601075,0.539354,27.7093
2,0.26,1.26,26.183,29.8655,28.3968,64.0434,-7.13042,3.72417,61.538,-8.87914,5.91405,0.53493,0.5998,0.540844,27.5103
2,0.27,1.27,26.2178,29.7995,28.5283,63.9981,-6.92262,3.54255,61.4809,-8.48907,5.61859,0.5364,0.598497,0.542352,27.3071
2,0.28,1.28,26.2527,29.7321,28.6618,63.9516,-6.70949,3.35583,61.4224,-8.09258,5.31862,0.537883,0.597165,0.543877,27.0998
2,0.29,1.29,26.2877,29.6632,28.7969,63.9039,-6.49104,3.16386,61.3626,-7.68993,5.01431,0.539377,0.595805,0.545417,26.8883
2,0.3,1.3,26.3227,29.5928,28.9336,63.855,-6.26727,2.96646,61.3013,-7.28138,4.7058,0.540881,0.594417,0.546971,26.6727
2,0.31,1.31,26.3576,29.5209,29.0719,63.8049,-6.03819,2.76341,61.2386,-6.8672,4.39326,0.542392,0.593001,0.548538,26.4529
2,0.32,1.32,26.3924,29.4475,29.2116,63.7535,-5.80379,2.55443,61.1746,-6.44765,4.07686,0.543909,0.591559,0.550116,26.2289
2,0.33,1.33,26.427,29.3726,29.3526,63.7008,-5.56406,2.3392,61.1091,-6.02301,3.75679,0.545429,0.59009,0.551704,26.0007
2,0.34,1.34,26.4613,29.2962,29.4948,63.6468,-5.319,2.11732,61.0422,-5.59357,3.43321,0.546952,0.588594,0.553301,25.768
2,0.35,1.35,26.4952,29.2184,29.638,63.5916,-5.06857,1.88827,60.9739,-5.15961,3.10632,0.548476,0.587073,0.554906,25.5308
2,0.36,1.36,26.5288,29.1391,29.7822,63.535,-4.81272,1.6514,60.9042,-4.72142,2.7763,0.549998,0.585526,0.556517,25.2887
2,0.37,1.37,26.5618,29.0583,29.9272,63.4772,-4.55136,1.40585,60.8331,-4.2793,2.44336,0.551517,0.583955,0.558132,25.0413
2,0.38,1.38,26.5943,28.9762,30.0729,63.418,-4.2843,1.15047,60.7606,-3.83354,2.10768,0.553031,0.582359,0.559751,24.788
2,0.39,1.39,26.6262,28.8926,30.2192,63.3576,-4.01123,0.883719,60.6867,-3.38445,1.76948,0.554539,0.580739,0.561372,24.528
2,0.4,1.4,26.6574,28.8076,30.3659,63.2958,-3.73156,0.603457,60.6114,-2.93233,1.42894,0.556039,0.579097,0.562994,24.2599
2,0.41,1.41,26.6878,28.7212,30.5129,63.2327,-3.44416,0.306719,60.5348,-2.4775,1.0863,0.55753,0.577431,0.564614,23.982
2,0.42,1.42,26.7175,28.6335,30.6601,63.1684,-3.14678,-0.0105577,60.4568,-2.02027,0.741743,0.559008,0.575744,0.566233,23.6916
2,0.43,1.43,26.7462,28.5445,30.8073,63.1027,-2.83502,-0.35358,60.3775,-1.56095,0.395499,0.560474,0.574036,0.567848,23.3857
2,0.44,1.44,26.774,28.4541,30.9545,63.0357,-2.50049,-0.727663,60.2968,-1.09988,0.047781,0.561926,0.572308,0.569459,23.0614
2,0.45,1.45,26.8007,28.3625,31.1013,62.9674,-2.12923,-1.13397,60.2149,-0.637383,-0.301193,0.563362,0.57056,0.571063,22.7199
2,0.46,1.46,26.8264,28.2697,31.2478,62.8978,-1.70534,-1.56045,60.1316,-0.173778,-0.651202,0.56478,0.568793,0.572659,22.3733
2,0.47,1.47,26.851,28.1756,31.3938,62.8269,-1.22671,-1.97678,60.0471,0.290597,-1.00202,0.566179,0.567009,0.574246,22.0474
2,0.48,1.48,26.8743,28.0804,31.5391,62.7548,-0.718325,-2.35219,59.9613,0.755405,-1.35343,0.567557,0.565207,0.575823,21.7659
2,0.49,1.49,26.8964,27.984,31.6836,62.6814,-0.215208,-2.67939,59.8743,1.22031,-1.7052,0.568914,0.563389,0.577389,21.5318
2,0.5,1.5,26.9172,27.8866,31.8272,62.6067,0.26217,-2.96991,59.7861,1.68496,-2.05711,0.570247,0.561556,0.578941,21.3333
2,0.51,1.51,26.9366,27.7881,31.9696,62.5309,0.709438,-3.23737,59.6968,2.14903,-2.40892,0.571556,0.559708,0.580479,21.1584
2,0.52,1.52,26.9546,27.6885,32.1109,62.4538,1.12941,-3.4908,59.6063,2.61215,-2.76042,0.572838,0.557847,0.582001,20.9991
2,0.53,1.53,26.9711,27.588,32.2508,62.3755,1.52639,-3.73514,59.5147,3.07398,-3.11136,0.574093,0.555975,0.583507,20.8511
2,0.54,1.54,26.986,27.4865,32.3891,62.296,1.90415,-3.97292,59.422,3.53417,-3.46152,0.575319,0.554091,0.584994,20.7124
2,0.55,1.55,26.9994,27.3842,32.5258,62.2154,2.2656,-4.20541,59.3283,3.99236,-3.81066,0.576514,0.552197,0.586461,20.5815
2,0.56,1.56,27.0111,27.281,32.6607,62.1337,2.61293,-4.43327,59.2335,4.44818,-4.15857,0.577679,0.550294,0.587909,20.4578
2,0.57,1.57,27.0211,27.177,32.7937,62.0509,2.94773,-4.65683,59.1378,4.9013,-4.505,0.57881,0.548383,0.589334,20.3408
2,0.58,1.58,27.0294,27.0723,32.9246,61.967,3.27119,-4.87626,59.0412,5.35133,-4.84973,0.579908,0.546467,0.590736,20.23
2,0.59,1.59,27.0359,26.9669,33.0533,61.882,3.58421,-5.09167,58.9437,5.79792,-5.19252,0.58097,0.544545,0.592114,20.1252
2,0.6,1.6,27.0405,26.8609,33.1796,61.796,3.88745,-5.30311,58.8453,6.24069,-5.53315,0.581996,0.542619,0.593466,20.026
2,0.61,1.61,27.0433,26.7542,33.3035,61.7091,4.18145,-5.51059,58.7462,6.6793,-5.87139,0.582985,0.54069,0.594793,19.9322
2,0.62,1.62,27.0441,26.6471,33.4248,61.6212,4.46661,-5.71414,58.6462,7.11336,-6.207,0.583935,0.53876,0.596091,19.8434
2,0.63,1.63,27.043,26.5395,33.5433,61.5323,4.74324,-5.91377,58.5456,7.5425,-6.53977,0.584844,0.536831,0.597361,19.7594
2,0.64,1.64,27.0399,26.4315,33.659,61.4426,5.0116,-6.1095,58.4444,7.96636,-6.86946,0.585714,0.534903,0.598601,19.6799
2,0.65,1.65,27.0347,26.3231,33.7717,61.3521,5.27189,-6.30131,58.3425,8.38457,-7.19585,0.586541,0.532978,0.599811,19.6045
2,0.66,1.66,27.0275,26.2145,33.8813,61.2607,5.52425,-6.48924,58.2401,8.79675,-7.51871,0.587324,0.531058,0.600989,19.533
2,0.67,1.67,27.0182,26.1056,33.9876,61.1686,5.76882,-6.67327,58.1371,9.20254,-7.83783,0.588064,0.529144,0.602134,19.4652
2,0.68,1.68,27.0067,25.9966,34.0907,61.0758,6.00567,-6.85343,58.0338,9.60156,-8.15297,0.588759,0.527237,0.603246,19.4007
2,0.69,1.69,26.9931,25.8874,34.1903,60.9823,6.2349,-7.02971,57.93,9.99343,-8.46394,0.589408,0.52534,0.604323,19.3392
2,0.7,1.7,26.9773,25.7783,34.2863,60.8882,6.45654,-7.20213,57.826,10.3778,-8.7705,0.59001,0.523453,0.605365,19.2804
2,0.71,1.71,26.9592,25.6691,34.3787,60.7935,6.67064,-7.37071,57.7217,10.7543,-9.07244,0.590563,0.521579,0.606371,19.2241
2,0.72,1.72,26.939,25.5601,34.4673,60.6982,6.87722,-7.53544,57.6171,11.1225,-9.36956,0.591068,0.519719,0.60734,19.1699
2,0.73,1.73,26.9165,25.4512,34.552,60.6025,7.07629,-7.69635,57.5125,11.4822,-9.66164,0.591523,0.517874,0.608271,19.1177
2,0.74,1.74,26.8917,25.3426,34.6328,60.5064,7.26786,-7.85344,57.4077,11.8328,-9.94848,0.591928,0.516047,0.609165,19.067
2,0.75,1.75,26.8646,25.2343,34.7096,60.4099,7.45192,-8.00674,57.303,12.1742,-10.2299,0.592281,0.514238,0.610019,19.0177
2,0.76,1.76,26.8352,25.1263,34.7822,60.3131,7.62846,-8.15625,57.1983,12.5058,-10.5056,0.592582,0.512451,0.610833,18.9694
2,0.77,1.77,26.8035,25.0188,34.8506,60.216,7.79746,-8.30198,57.0937,12.8274,-10.7755,0.59283,0.510686,0.611607,18.922
2,0.78,1.78,26.7695,24.9117,34.9148,60.1187,7.9589,-8.44397,56.9893,13.1386,-11.0394,0.593024,0.508945,0.61234,18.875
2,0.79,1.79,26.7332,24.8053,34.9746,60.0212,8.11274,-8.58221,56.8852,13.439,-11.297,0.593164,0.507229,0.613032,18.8283
2,0.8,1.8,26.6945,24.6994,35.0301,59.9237,8.25895,-8.71673,56.7814,13.7284,-11.5483,0.593249,0.505542,0.613681,18.7817
2,0.81,1.81,26.6535,24.5943,35.081,59.8261,8.39749,-8.84756,56.678,14.0063,-11.793,0.593278,0.503883,0.614289,18.7348
2,0.82,1.82,26.6102,24.49,35.1275,59.7286,8.52832,-8.9747,56.5751,14.2725,-12.0309,0.59325,0.502256,0.614853,18.6874
2,0.83,1.83,26.5646,24.3865,35.1693,59.6311,8.65139,-9.09817,56.4727,14.5266,-12.2618,0.593165,0.500661,0.615375,18.6393
2,0.84,1.84,26.5166,24.284,35.2066,59.5338,8.76666,-9.21801,56.371,14.7683,-12.4857,0.593023,0.499101,0.615853,18.5903
2,0.85,1.85,26.4663,24.1824,35.2393,59.4367,8.87408,-9.33422,56.2699,14.9973,-12.7024,0.592823,0.497577,0.616287,18.5401
2,0.86,1.86,26.4138,24.0818,35.2672,59.3399,8.97358,-9.44684,56.1696,15.2133,-12.9116,0.592564,0.49609,0.616677,18.4885
2,0.87,1.87,26.3589,23.9824,35.2905,59.2434,9.06511,-9.55588,56.0702,15.4159,-13.1134,0.592246,0.494643,0.617023,18.4352
2,0.88,1.88,26.3018,23.8842,35.3091,59.1474,9.14863,-9.66138,55.9716,15.605,-13.3074,0.591868,0.493237,0.617325,18.3802
2,0.89,1.89,26.2424,23.7872,35.323,59.0518,9.22405,-9.76336,55.8741,15.7802,-13.4936,0.59143,0.491873,0.617582,18.3231
2,0.9,1.9,26.1808,23.6915,35.3322,58.9567,9.29133,-9.86185,55.7775,15.9413,-13.6719,0.590932,0.490553,0.617795,18.2638
2,0.91,1.91,26.117,23.5971,35.3367,58.8623,9.3504,-9.95688,55.6821,16.0881,-13.8422,0.590373,0.489279,0.617963,18.2021
2,0.92,1.92,26.0511,23.5042,35.3364,58.7685,9.40119,-10.0485,55.588,16.2201,-14.0043,0.589752,0.488052,0.618088,18.1377
2,0.93,1.93,25.983,23.4128,35.3315,58.6754,9.44365,-10.1367,55.495,16.3374,-14.1582,0.589071,0.486873,0.618167,18.0706
2,0.94,1.94,25.9128,23.323,35.322,58.5831,9.47769,-10.2215,55.4035,16.4396,-14.3037,0.588328,0.485744,0.618203,18.0006
2,0.95,1.95,25.8405,23.2347,35.3079,58.4917,9.50326,-10.303,55.3133,16.5265,-14.4408,0.587523,0.484665,0.618195,17.9274
2,0.96,1.96,25.7661,23.1481,35.2892,58.4012,9.52028,-10.3813,55.2246,16.598,-14.5695,0.586656,0.483639,0.618144,17.851
2,0.97,1.97,25.6898,23.0632,35.2659,58.3117,9.52869,-10.4563,55.1374,16.6538,-14.6896,0.585726,0.482667,0.618049,17.7711
2,0.98,1.98,25.6115,22.9801,35.2383,58.2232,9.52841,-10.528,55.0519,16.6939,-14.8012,0.584735,0.481749,0.617911,17.6877
2,0.99,1.99,25.5314,22.8989,35.2062,58.1359,9.51938,-10.5967,54.968,16.718,-14.9041,0.583681,0.480886,0.617732,17.6006
2,1,2,25.4493,22.8195,35.1698,58.0497,9.50151,-10.6622,54.8859,16.7261,-14.9984,0.582564,0.48008,0.61751,17.5096
3,0.01,2.01,25.4293,22.8248,35.0991,58.0524,9.45398,-10.6111,54.8914,16.6178,-14.897,0.582227,0.48038,0.616875,17.4994
3,0.02,2.02,25.4085,22.8297,35.0289,58.0546,9.40501,-10.561,54.8965,16.508,-14.7966,0.581871,0.480681,0.616243,17.4878
3,0.03,2.03,25.387,22.8342,34.9592,58.0563,9.35455,-10.512,54.9012,16.3967,-14.6976,0.581497,0.480982,0.615615,17.4747
3,0.04,2.04,25.3647,22.8384,34.8901,58.0575,9.3025,-10.4641,54.9055,16.2838,-14.5999,0.581102,0.481283,0.614992,17.46
3,0.05,2.05,25.3416,22.8422,34.8218,58.0581,9.2488,-10.4174,54.9095,16.1693,-14.5036,0.580688,0.481585,0.614375,17.4437
3,0.06,2.06,25.3179,22.8457,34.7542,58.0584,9.19337,-10.3722,54.9131,16.053,-14.4089,0.580252,0.481888,0.613764,17.4256
3,0.07,2.07,25.2933,22.8489,34.6876,58.0581,9.13614,-10.3283,54.9163,15.935,-14.3159,0.579795,0.482193,0.613161,17.4056
3,0.08,2.08,25.2681,22.8517,34.622,58.0573,9.07702,-10.286,54.9193,15.8151,-14.2246,0.579315,0.482499,0.612566,17.3838
3,0.09,2.09,25.242,22.8543,34.5574,58.0562,9.01595,-10.2453,54.9219,15.6934,-14.1352,0.578812,0.482808,0.61198,17.3599
3,0.1,2.1,25.2153,22.8566,34.4941,58.0545,8.95283,-10.2063,54.9243,15.5696,-14.0477,0.578287,0.483119,0.611404,17.334
3,0.11,2.11,25.1878,22.8586,34.432,58.0525,8.88761,-10.1691,54.9264,15.4439,-13.9622,0.577737,0.483433,0.610838,17.3059
3,0.12,2.12,25.1596,22.8604,34.3712,58.05,8.82019,-10.1337,54.9282,15.316,-13.8788,0.577162,0.48375,0.610284,17.2755
3,0.13,2.13,25.1307,22.862,34.3119,58.0472,8.75049,-10.1004,54.9299,15.1859,-13.7976,0.576563,0.484071,0.609742,17.2429
3,0.14,2.14,25.1011,22.8634,34.2541,58.0439,8.67845,-10.069,54.9313,15.0537,-13.7187,0.575938,0.484396,0.609213,17.2079
3,0.15,2.15,25.0708,22.8646,34.1979,58.0404,8.60397,-10.0397,54.9326,14.9191,-13.6421,0.575287,0.484726,0.608697,17.1704
3,0.16,2.16,25.0398,22.8656,34.1434,58.0364,8.52697,-10.0127,54.9337,14.7821,-13.5679,0.574609,0.48506,0.608196,17.1304
3,0.17,2.17,25.0081,22.8666,34.0906,58.0322,8.44738,-9.98785,54.9346,14.6428,-13.4962,0.573904,0.485399,0.607709,17.0878
3,0.18,2.18,24.9758,22.8674,34.0396,58.0277,8.3651,-9.96536,54.9355,14.5009,-13.427,0.573172,0.485744,0.607238,17.0426
3,0.19,2.19,24.9428,22.8682,33.9906,58.0229,8.28005,-9.94525,54.9363,14.3565,-13.3604,0.572413,0.486096,0.606784,16.9946
3,0.2,2.2,24.9092,22.8689,33.9435,58.0179,8.19214,-9.9276,54.9371,14.2094,-13.2964,0.571624,0.486453,0.606346,16.9439
3,0.21,2.21,24.875,22.8696,33.8984,58.0127,8.10129,-9.91245,54.9378,14.0596,-13.2351,0.570808,0.486818,0.605926,16.8904
3,0.22,2.22,24.8402,22.8703,33.8554,58.0072,8.0074,-9.89987,54.9385,13.9071,-13.1765,0.569962,0.48719,0.605524,16.8339
3,0.23,2.23,24.8048,22.8711,33.8145,58.0016,7.91038,-9.88991,54.9393,13.7518,-13.1206,0.569087,0.48757,0.60514,16.7746
3,0.24,2.24,24.7688,22.8719,33.7759,57.9959,7.81014,-9.88261,54.9402,13.5936,-13.0675,0.568183,0.487958,0.604775,16.7123
3,0.25,2.25,24.7323,22.8729,33.7395,57.9901,7.70659,-9.87801,54.9411,13.4324,-13.0173,0.567248,0.488354,0.60443,16.6469
3,0.26,2.26,24.6952,22.8739,33.7055,57.9842,7.59962,-9.87616,54.9422,13.2682,-12.9698,0.566283,0.48876,0.604105,16.5785
3,0.27,2.27,24.6577,22.8751,33.6738,57.9782,7.48914,-9.87708,54.9435,13.101,-12.9253,0.565288,0.489175,0.603801,16.5071
3,0.28,2.28,24.6196,22.8765,33.6445,57.9722,7.37504,-9.88081,54.9449,12.9306,-12.8835,0.564261,0.4896,0.603517,16.4325
3,0.29,2.29,24.5811,22.8782,33.6176,57.9662,7.25723,-9.88736,54.9466,12.7571,-12.8446,0.563204,0.490035,0.603254,16.3548
3,0.3,2.3,24.5421,22.88,33.5933,57.9603,7.13561,-9.89674,54.9486,12.5802,-12.8086,0.562116,0.490481,0.603013,16.2741
3,0.31,2.31,24.5028,22.8822,33.5714,57.9544,7.01006,-9.90898,54.9508,12.4001,-12.7754,0.560996,0.490938,0.602794,16.1901
3,0.32,2.32,24.463,22.8847,33.5521,57.9487,6.88048,-9.92405,54.9534,12.2166,-12.745,0.559844,0.491407,0.602597,16.1031
3,0.33,2.33,24.4228,22.8876,33.5353,57.943,6.74676,-9.94197,54.9563,12.0297,-12.7175,0.558661,0.491888,0.602422,16.013
3,0.34,2.34,24.3822,22.8908,33.5212,57.9376,6.6088,-9.96271,54.9597,11.8393,-12.6927,0.557446,0.492382,0.60227,15.9198
3,0.35,2.35,24.3414,22.8944,33.5096,57.9324,6.46649,-9.98625,54.9634,11.6454,-12.6707,0.556199,0.492888,0.60214,15.8236
3,0.36,2.36,24.3002,22.8985,33.5007,57.9274,6.31971,-10.0126,54.9677,11.4479,-12.6514,0.554919,0.493407,0.602033,15.7244
3,0.37,2.37,24.2587,22.9031,33.4944,57.9227,6.16836,-10.0416,54.9724,11.2469,-12.6348,0.553608,0.49394,0.601948,15.6223
3,0.38,2.38,24.217,22.9083,33.4908,57.9183,6.01233,-10.0733,54.9777,11.0421,-12.6208,0.552264,0.494487,0.601887,15.5174
3,0.39,2.39,24.175,22.9139,33.4898,57.9142,5.85152,-10.1076,54.9836,10.8336,-12.6093,0.550888,0.495048,0.601848,15.4097
3,0.4,2.4,24.1328,22.9202,33.4914,57.9105,5.68581,-10.1444,54.99,10.6214,-12.6004,0.54948,0.495624,0.601832,15.2995
3,0.41,2.41,24.0904,22.9271,33.4957,57.9073,5.51511,-10.1836,54.9971,10.4054,-12.5939,0.54804,0.496215,0.601838,15.1868
3,0.42,2.42,24.0479,22.9346,33.5026,57.9044,5.33932,-10.2252,55.0049,10.1856,-12.5898,0.546567,0.496821,0.601867,15.0717
3,0.43,2.43,24.0053,22.9428,33.5121,57.9021,5.15835,-10.2691,55.0134,9.96197,-12.5879,0.545063,0.497443,0.601918,14.9545
3,0.44,2.44,23.9625,22.9518,33.5242,57.9003,4.97211,-10.315,55.0226,9.73443,-12.5883,0.543526,0.498081,0.601991,14.8354
3,0.45,2.45,23.9197,22.9615,33.5389,57.8991,4.78053,-10.3629,55.0326,9.503,-12.5907,0.541958,0.498735,0.602087,14.7146
3,0.46,2.46,23.8768,22.9719,33.5561,57.8984,4.58352,-10.4125,55.0434,9.26764,-12.5952,0.540358,0.499405,0.602203,14.5923
3,0.47,2.47,23.8339,22.9832,33.5758,57.8984,4.38103,-10.4638,55.0551,9.02834,-12.6016,0.538727,0.500093,0.602341,14.4689
3,0.48,2.48,23.791,22.9954,33.598,57.899,4.17302,-10.5166,55.0676,8.78508,-12.6097,0.537065,0.500797,0.602499,14.3446
3,0.49,2.49,23.7481,23.0084,33.6226,57.9003,3.95945,-10.5706,55.081,8.53787,-12.6196,0.535372,0.501519,0.602678,14.2198
3,0.5,2.5,23.7053,23.0224,33.6497,57.9024,3.74029,-10.6256,55.0954,8.28669,-12.6311,0.533648,0.502258,0.602877,14.0948
3,0.51,2.51,23.6626,23.0373,33.679,57.9052,3.51555,-10.6815,55.1107,8.03154,-12.644,0.531894,0.503015,0.603095,13.9702
3,0.52,2.52,23.62,23.0531,33.7107,57.9088,3.28523,-10.7379,55.127,7.77242,-12.6583,0.53011,0.50379,0.603333,13.8463
3,0.53,2.53,23.5776,23.07,33.7446,57.9133,3.04938,-10.7946,55.1443,7.50936,-12.6737,0.528297,0.504583,0.603588,13.7235
3,0.54,2.54,23.5353,23.0879,33.7807,57.9186,2.80805,-10.8515,55.1627,7.24235,-12.6903,0.526454,0.505393,0.603861,13.6025
3,0.55,2.55,23.4933,23.1068,33.8189,57.9248,2.56132,-10.9081,55.1822,6.97143,-12.7078,0.524584,0.506222,0.604152,13.4837
3,0.56,2.56,23.4515,23.1268,33.8592,57.9319,2.30928,-10.9643,55.2027,6.69661,-12.7261,0.522685,0.507069,0.604459,13.3677
3,0.57,2.57,23.41,23.148,33.9015,57.94,2.05207,-11.0198,55.2244,6.41794,-12.745,0.520759,0.507935,0.604781,13.255
3,0.58,2.58,23.3687,23.1702,33.9456,57.9491,1.78984,-11.0742,55.2472,6.13543,-12.7645,0.518806,0.508819,0.605119,13.1463
3,0.59,2.59,23.3278,23.1936,33.9916,57.9591,1.52276,-11.1274,55.2712,5.84915,-12.7843,0.516827,0.509721,0.605471,13.0421
3,0.6,2.6,23.2873,23.2182,34.0393,57.9703,1.25104,-11.179,55.2964,5.55913,-12.8043,0.514822,0.510642,0.605836,12.9432
3,0.61,2.61,23.2472,23.244,34.0887,57.9825,0.974906,-11.2287,55.3228,5.26543,-12.8244,0.512793,0.511581,0.606214,12.85
3,0.62,2.62,23.2074,23.2711,34.1397,57.9958,0.694605,-11.2764,55.3505,4.96812,-12.8444,0.51074,0.512538,0.606604,12.7633
3,0.63,2.63,23.1682,23.2993,34.1921,58.0102,0.410411,-11.3217,55.3793,4.66726,-12.8641,0.508664,0.513513,0.607005,12.6835
3,0.64,2.64,23.1294,23.3289,34.2459,58.0258,0.12262,-11.3645,55.4095,4.36292,-12.8835,0.506566,0.514506,0.607416,12.6114
3,0.65,2.65,23.0911,23.3597,34.3011,58.0425,-0.168455,-11.4044,55.4409,4.05519,-12.9023,0.504446,0.515518,0.607837,12.5474
3,0.66,2.66,23.0534,23.3918,34.3574,58.0604,-0.462485,-11.4413,55.4736,3.74416,-12.9203,0.502307,0.516547,0.608265,12.4921
3,0.67,2.67,23.0162,23.4252,34.4148,58.0796,-0.759126,-11.475,55.5076,3.42993,-12.9375,0.500149,0.517593,0.608701,12.4459
3,0.68,2.68,22.9796,23.4599,34.4732,58.1,-1.05802,-11.5053,55.5429,3.11258,-12.9536,0.497972,0.518657,0.609143,12.4093
3,0.69,2.69,22.9437,23.496,34.5325,58.1216,-1.35881,-11.532,55.5796,2.79225,-12.9685,0.495779,0.519738,0.609591,12.3825
3,0.7,2.7,22.9085,23.5334,34.5926,58.1445,-1.66112,-11.5551,55.6176,2.46903,-12.982,0.49357,0.520836,0.610043,12.3659
3,0.71,2.71,22.8739,23.5722,34.6533,58.1687,-1.96458,-11.5743,55.6569,2.14306,-12.994,0.491347,0.52195,0.610499,12.3598
3,0.72,2.72,22.8401,23.6123,34.7146,58.1942,-2.26881,-11.5897,55.6976,1.81446,-13.0043,0.489111,0.52308,0.610957,12.3643
3,0.73,2.73,22.807,23.6539,34.7763,58.221,-2.57345,-11.601,55.7395,1.48338,-13.0128,0.486864,0.524226,0.611416,12.3794
3,0.74,2.74,22.7748,23.6968,34.8383,58.2492,-2.87813,-11.6083,55.7829,1.14995,-13.0193,0.484607,0.525388,0.611876,12.4052
3,0.75,2.75,22.7433,23.741,34.9005,58.2786,-3.18249,-11.6116,55.8276,0.814343,-13.0237,0.482342,0.526565,0.612335,12.4417
3,0.76,2.76,22.7127,23.7867,34.9628,58.3095,-3.48619,-11.6107,55.8736,0.476704,-13.0257,0.480069,0.527756,0.612793,12.4886
3,0.77,2.77,22.683,23.8337,35.0251,58.3417,-3.78887,-11.6057,55.9209,0.137203,-13.0253,0.477792,0.528961,0.613247,12.546
3,0.78,2.78,22.6542,23.8822,35.0872,58.3752,-4.09023,-11.5966,55.9696,-0.203985,-13.0223,0.475511,0.53018,0.613698,12.6134
3,0.79,2.79,22.6263,23.932,35.149,58.4102,-4.38993,-11.5833,56.0196,-0.546681,-13.0166,0.473229,0.531412,0.614145,12.6907
3,0.8,2.8,22.5994,23.9832,35.2104,58.4464,-4.68769,-11.566,56.0709,-0.890696,-13.008,0.470947,0.532657,0.614585,12.7775
3,0.81,2.81,22.5735,24.0357,35.2713,58.4841,-4.98321,-11.5446,56.1236,-1.23584,-12.9964,0.468668,0.533914,0.615018,12.8734
3,0.82,2.82,22.5487,24.0897,35.3316,58.5232,-5.27623,-11.5192,56.1775,-1.5819,-12.9816,0.466393,0.535182,0.615444,12.978
3,0.83,2.83,22.5249,24.145,35.3911,58.5636,-5.56648,-11.4897,56.2326,-1.92869,-12.9636,0.464125,0.536462,0.615861,13.091
3,0.84,2.84,22.5021,24.2016,35.4497,58.6053,-5.85373,-11.4564,56.2891,-2.27598,-12.9421,0.461865,0.537751,0.616267,13.2118
3,0.85,2.85,22.4805,24.2595,35.5072,58.6485,-6.13774,-11.4192,56.3467,-2.62355,-12.9172,0.459616,0.53905,0.616663,13.34
3,0.86,2.86,22.4601,24.3188,35.5637,58.693,-6.4183,-11.3781,56.4056,-2.97119,-12.8886,0.457381,0.540358,0.617047,13.4752
3,0.87,2.87,22.4408,24.3794,35.6189,58.7388,-6.69521,-11.3333,56.4657,-3.31866,-12.8562,0.455161,0.541674,0.617418,13.6169
3,0.88,2.88,22.4227,24.4413,35.6727,58.7859,-6.96828,-11.2848,56.5269,-3.66572,-12.82,0.452959,0.542998,0.617775,13.7645
3,0.89,2.89,22.4058,24.5044,35.725,58.8344,-7.23733,-11.2326,56.5893,-4.01214,-12.7798,0.450778,0.544329,0.618118,13.9178
3,0.9,2.9,22.3902,24.5687,35.7758,58.8842,-7.5022,-11.1768,56.6528,-4.35766,-12.7356,0.44862,0.545665,0.618444,14.0761
3,0.91,2.91,22.3758,24.6343,35.8248,58.9353,-7.76274,-11.1175,56.7174,-4.70205,-12.6872,0.446488,0.547007,0.618754,14.239
3,0.92,2.92,22.3628,24.7011,35.872,58.9877,-8.01879,-11.0547,56.783,-5.04503,-12.6346,0.444384,0.548354,0.619047,14.4062
3,0.93,2.93,22.3511,24.7691,35.9172,59.0413,-8.27022,-10.9885,56.8497,-5.38636,-12.5777,0.442311,0.549704,0.619321,14.5772
3,0.94,2.94,22.3407,24.8382,35.9604,59.0962,-8.51691,-10.9189,56.9174,-5.72578,-12.5163,0.440273,0.551057,0.619575,14.7516
3,0.95,2.95,22.3317,24.9084,36.0014,59.1522,-8.75873,-10.846,56.986,-6.06301,-12.4506,0.438272,0.552412,0.61981,14.929
3,0.96,2.96,22.3241,24.9796,36.0402,59.2095,-8.99558,-10.7697,57.0556,-6.39779,-12.3803,0.43631,0.553768,0.620024,15.1091
3,0.97,2.97,22.3179,25.0519,36.0766,59.2679,-9.22734,-10.6903,57.126,-6.72985,-12.3054,0.434391,0.555125,0.620216,15.2914
3,0.98,2.98,22.3132,25.1253,36.1105,59.3275,-9.45393,-10.6077,57.1973,-7.05891,-12.2259,0.432518,0.556481,0.620385,15.4758
3,0.99,2.99,22.3099,25.1996,36.1419,59.3881,-9.67524,-10.522,57.2694,-7.38469,-12.1417,0.430693,0.557836,0.620532,15.6617
3,1,3,22.3081,25.2748,36.1707,59.4499,-9.89119,-10.4331,57.3422,-7.70693,-12.0528,0.42892,0.559189,0.620654,15.8491
4,0.01,3.01,22.3049,25.2672,36.113,59.4448,-9.87127,-10.3938,57.3348,-7.69004,-11.9918,0.429313,0.559062,0.620165,15.8542
4,0.02,3.02,22.3015,25.2592,36.0546,59.4393,-9.85097,-10.3542,57.3271,-7.67266,-11.9306,0.429707,0.55893,0.619671,15.859
4,0.03,3.03,22.2978,25.2508,35.9958,59.4334,-9.83024,-10.3146,57.319,-7.65473,-11.8692,0.430102,0.558793,0.619171,15.8636
4,0.04,3.04,22.2939,25.2421,35.9364,59.4272,-9.80905,-10.2748,57.3105,-7.63617,-11.8078,0.430499,0.558651,0.618667,15.8678
4,0.05,3.05,22.2897,25.2329,35.8766,59.4207,-9.78738,-10.2351,57.3016,-7.61693,-11.7463,0.430897,0.558504,0.61816,15.8717
4,0.06,3.06,22.2854,25.2233,35.8163,59.4137,-9.76517,-10.1954,57.2924,-7.59695,-11.685,0.431296,0.558351,0.617649,15.8752
4,0.07,3.07,22.2808,25.2133,35.7558,59.4063,-9.74241,-10.1559,57.2827,-7.57615,-11.6239,0.431696,0.558192,0.617135,15.8781
4,0.08,3.08,22.2761,25.2029,35.695,59.3986,-9.71905,-10.1166,57.2725,-7.55449,-11.5631,0.432098,0.558028,0.616619,15.8806
4,0.09,3.09,22.2711,25.192,35.6339,59.3905,-9.69506,-10.0775,57.262,-7.5319,-11.5026,0.432501,0.557858,0.616101,15.8824
4,0.1,3.1,22.266,25.1807,35.5728,59.3819,-9.6704,-10.0387,57.2511,-7.50832,-11.4425,0.432907,0.557681,0.615582,15.8837
4,0.11,3.11,22.2608,25.169,35.5115,59.373,-9.64505,-10.0003,57.2397,-7.4837,-11.383,0.433313,0.557499,0.615062,15.8843
4,0.12,3.12,22.2553,25.1569,35.4502,59.3637,-9.61897,-9.96231,57.228,-7.45797,-11.324,0.433722,0.55731,0.614542,15.8843
4,0.13,3.13,22.2498,25.1443,35.3889,59.354,-9.59212,-9.92482,57.2158,-7.43108,-11.2658,0.434133,0.557115,0.614023,15.8834
4,0.14,3.14,22.2441,25.1313,35.3278,59.3439,-9.56447,-9.88789,57.2032,-7.40297,-11.2082,0.434546,0.556913,0.613504,15.8819
4,0.15,3.15,22.2383,25.118,35.2668,59.3334,-9.53599,-9.85156,57.1902,-7.37359,-11.1515,0.434962,0.556705,0.612987,15.8795
4,0.16,3.16,22.2325,25.1042,35.206,59.3226,-9.50665,-9.81589,57.1768,-7.3429,-11.0957,0.43538,0.556491,0.612472,15.8762
4,0.17,3.17,22.2265,25.09,35.1455,59.3114,-9.47641,-9.78094,57.163,-7.31082,-11.0408,0.4358,0.55627,0.61196,15.8721
4,0.18,3.18,22.2206,25.0754,35.0854,59.2998,-9.44525,-9.74676,57.1488,-7.27733,-10.987,0.436224,0.556043,0.611451,15.867
4,0.19,3.19,22.2145,25.0604,35.0256,59.2879,-9.41313,-9.7134,57.1342,-7.24236,-10.9342,0.436651,0.55581,0.610945,15.8611
4,0.2,3.2,22.2085,25.0451,34.9664,59.2757,-9.38002,-9.68091,57.1193,-7.20587,-10.8826,0.437081,0.55557,0.610443,15.8541
4,0.21,3.21,22.2025,25.0294,34.9076,59.2631,-9.3459,-9.64934,57.104,-7.16781,-10.8322,0.437514,0.555323,0.609947,15.8461
4,0.22,3.22,22.1965,25.0133,34.8494,59.2502,-9.31072,-9.61874,57.0884,-7.12815,-10.783,0.437952,0.55507,0.609455,15.8371
4,0.23,3.23,22.1906,24.9969,34.7919,59.2371,-9.27447,-9.58915,57.0724,-7.08683,-10.7352,0.438393,0.554812,0.608969,15.827
4,0.24,3.24,22.1847,24.9802,34.735,59.2236,-9.2371,-9.56062,57.0562,-7.04382,-10.6887,0.438839,0.554546,0.60849,15.8159
4,0.25,3.25,22.179,24.9633,34.6789,59.2099,-9.19861,-9.53319,57.0396,-6.99907,-10.6437,0.439289,0.554275,0.608017,15.8036
4,0.26,3.26,22.1733,24.946,34.6236,59.1959,-9.15895,-9.5069,57.0227,-6.95256,-10.6001,0.439744,0.553998,0.607552,15.7903
4,0.27,3.27,22.1678,24.9284,34.5692,59.1818,-9.1181,-9.48178,57.0056,-6.90424,-10.558,0.440204,0.553715,0.607094,15.7757
4,0.28,3.28,22.1625,24.9107,34.5156,59.1674,-9.07603,-9.45787,56.9883,-6.85408,-10.5175,0.44067,0.553426,0.606644,15.7601
4,0.29,3.29,22.1573,24.8927,34.463,59.1528,-9.03272,-9.4352,56.9707,-6.80206,-10.4785,0.441141,0.553132,0.606203,15.7433
4,0.3,3.3,22.1524,24.8745,34.4115,59.1381,-8.98814,-9.4138,56.9529,-6.74813,-10.4412,0.441618,0.552832,0.605771,15.7253
4,0.31,3.31,22.1478,24.8561,34.361,59.1232,-8.94226,-9.3937,56.9349,-6.69227,-10.4055,0.442101,0.552527,0.605349,15.7061
4,0.32,3.32,22.1434,24.8375,34.3116,59.1082,-8.89507,-9.37493,56.9168,-6.63447,-10.3715,0.442591,0.552217,0.604936,15.6857
4,0.33,3.33,22.1393,24.8189,34.2633,59.0931,-8.84653,-9.35751,56.8985,-6.57468,-10.3392,0.443087,0.551902,0.604534,15.6642
4,0.34,3.34,22.1355,24.8001,34.2162,59.0779,-8.79663,-9.34145,56.8801,-6.5129,-10.3086,0.443591,0.551582,0.604142,15.6415
4,0.35,3.35,22.132,24.7812,34.1704,59.0627,-8.74534,-9.32677,56.8616,-6.4491,-10.2797,0.444102,0.551258,0.603762,15.6176
4,0.36,3.36,22.129,24.7623,34.1258,59.0475,-8.69264,-9.31349,56.8431,-6.38326,-10.2526,0.444621,0.550929,0.603392,15.5926
4,0.37,3.37,22.1263,24.7433,34.0826,59.0323,-8.63852,-9.30162,56.8245,-6.31538,-10.2272,0.445148,0.550597,0.603035,15.5664
4,0.38,3.38,22.1241,24.7244,34.0407,59.0171,-8.58294,-9.29115,56.8059,-6.24544,-10.2036,0.445683,0.550261,0.60269,15.539
4,0.39,3.39,22.1224,24.7054,34.0001,59.002,-8.52589,-9.28211,56.7873,-6.17343,-10.1818,0.446228,0.549921,0.602357,15.5106
4,0.4,3.4,22.1211,24.6866,33.961,58.987,-8.46735,-9.27448,56.7687,-6.09934,-10.1617,0.446781,0.549578,0.602036,15.481
4,0.41,3.41,22.1204,24.6678,33.9234,58.9721,-8.40731,-9.26826,56.7503,-6.02316,-10.1434,0.447344,0.549232,0.601729,15.4504
4,0.42,3.42,22.1202,24.6491,33.8871,58.9574,-8.34575,-9.26346,56.7319,-5.9449,-10.1268,0.447916,0.548883,0.601435,15.4187
4,0.43,3.43,22.1206,24.6306,33.8524,58.9429,-8.28264,-9.26005,56.7137,-5.86455,-10.112,0.448499,0.548532,0.601154,15.3861
4,0.44,3.44,22.1216,24.6122,33.8192,58.9286,-8.21798,-9.25803,56.6956,-5.78211,-10.0988,0.449092,0.548178,0.600886,15.3524
4,0.45,3.45,22.1232,24.594,33.7876,58.9146,-8.15176,-9.25737,56.6777,-5.6976,-10.0874,0.449696,0.547823,0.600633,15.3179
4,0.46,3.46,22.1254,24.5761,33.7575,58.9008,-8.08395,-9.25807,56.6601,-5.611,-10.0776,0.450312,0.547466,0.600393,15.2824
4,0.47,3.47,22.1284,24.5585,33.729,58.8874,-8.01454,-9.26009,56.6427,-5.52234,-10.0694,0.450939,0.547108,0.600167,15.2461
4,0.48,3.48,22.1321,24.5411,33.702,58.8743,-7.94353,-9.2634,56.6256,-5.43162,-10.0629,0.451577,0.54675,0.599955,15.209
4,0.49,3.49,22.1365,24.5241,33.6767,58.8616,-7.8709,-9.26799,56.6088,-5.33886,-10.0579,0.452228,0.546391,0.599757,15.1712
4,0.5,3.5,22.1417,24.5075,33.6529,58.8493,-7.79665,-9.2738,56.5924,-5.24407,-10.0544,0.452892,0.546031,0.599574,15.1327
4,0.51,3.51,22.1476,24.4913,33.6308,58.8375,-7.72076,-9.28081,56.5764,-5.14728,-10.0524,0.453569,0.545672,0.599404,15.0936
4,0.52,3.52,22.1545,24.4755,33.6103,58.8262,-7.64322,-9.28898,56.5608,-5.04849,-10.0518,0.454259,0.545313,0.599249,15.0539
4,0.53,3.53,22.1621,24.4602,33.5914,58.8154,-7.56404,-9.29825,56.5456,-4.94773,-10.0526,0.454962,0.544955,0.599108,15.0138
4,0.54,3.54,22.1707,24.4453,33.5742,58.8052,-7.4832,-9.30858,56.5309,-4.84503,-10.0548,0.45568,0.544599,0.598982,14.9733
4,0.55,3.55,22.1801,24.431,33.5585,58.7955,-7.4007,-9.31993,56.5168,-4.74041,-10.0581,0.456412,0.544243,0.598869,14.9324
4,0.56,3.56,22.1905,24.4173,33.5445,58.7865,-7.31654,-9.33222,56.5032,-4.6339,-10.0627,0.457159,0.54389,0.598771,14.8914
4,0.57,3.57,22.2018,24.4042,33.532,58.7782,-7.23071,-9.34542,56.4902,-4.52554,-10.0684,0.457921,0.54354,0.598686,14.8501
4,0.58,3.58,22.2141,24.3917,33.5212,58.7706,-7.14322,-9.35945,56.4779,-4.41534,-10.0751,0.458698,0.543191,0.598615,14.8088
4,0.59,3.59,22.2274,24.3799,33.5119,58.7637,-7.05406,-9.37426,56.4662,-4.30336,-10.0829,0.459491,0.542846,0.598558,14.7676
4,0.6,3.6,22.2418,24.3688,33.5042,58.7575,-6.96324,-9.38978,56.4551,-4.18961,-10.0915,0.4603,0.542505,0.598514,14.7265
4,0.61,3.61,22.2571,24.3584,33.498,58.7522,-6.87075,-9.40593,56.4448,-4.07415,-10.101,0.461126,0.542167,0.598484,14.6856
4,0.62,3.62,22.2736,24.3488,33.4933,58.7477,-6.7766,-9.42265,56.4353,-3.957,-10.1112,0.461968,0.541833,0.598466,14.645
4,0.63,3.63,22.2912,24.3399,33.4902,58.7441,-6.6808,-9.43986,56.4265,-3.83822,-10.122,0.462827,0.541504,0.598462,14.6048
4,0.64,3.64,22.3099,24.3319,33.4885,58.7413,-6.58335,-9.45749,56.4186,-3.71784,-10.1335,0.463703,0.54118,0.598469,14.5652
4,0.65,3.65,22.3297,24.3248,33.4883,58.7396,-6.48426,-9.47545,56.4115,-3.5959,-10.1454,0.464597,0.540861,0.598489,14.5263
4,0.66,3.66,22.3507,24.3185,33.4895,58.7387,-6.38353,-9.49368,56.4053,-3.47246,-10.1577,0.465509,0.540547,0.598521,14.4881
4,0.67,3.67,22.3729,24.3132,33.4921,58.7389,-6.28118,-9.51208,56.4,-3.34755,-10.1704,0.466439,0.54024,0.598565,14.4508
4,0.68,3.68,22.3963,24.3088,33.496,58.7401,-6.17721,-9.53057,56.3956,-3.22122,-10.1832,0.467388,0.539938,0.598619,14.4145
4,0.69,3.69,22.4208,24.3053,33.5013,58.7423,-6.07163,-9.54906,56.3922,-3.09353,-10.1961,0.468355,0.539644,0.598685,14.3793
4,0.7,3.7,22.4467,24.3029,33.5078,58.7456,-5.96446,-9.56748,56.3898,-2.96451,-10.2091,0.469341,0.539356,0.598761,14.3453
4,0.71,3.71,22.4738,24.3015,33.5156,58.75,-5.85572,-9.58573,56.3884,-2.83423,-10.222,0.470347,0.539075,0.598847,14.3126
4,0.72,3.72,22.5021,24.3011,33.5246,58.7556,-5.7454,-9.60373,56.388,-2.70273,-10.2346,0.471371,0.538803,0.598943,14.2814
4,0.73,3.73,22.5317,24.3018,33.5347,58.7623,-5.63353,-9.62137,56.3887,-2.57006,-10.247,0.472416,0.538538,0.599048,14.2519
4,0.74,3.74,22.5627,24.3036,33.546,58.7702,-5.52013,-9.63859,56.3905,-2.43627,-10.2591,0.47348,0.538281,0.599162,14.224
4,0.75,3.75,22.5949,24.3066,33.5583,58.7793,-5.4052,-9.65528,56.3934,-2.30142,-10.2706,0.474564,0.538032,0.599284,14.1979
4,0.76,3.76,22.6285,24.3106,33.5717,58.7896,-5.28877,-9.67135,56.3975,-2.16555,-10.2815,0.475668,0.537793,0.599414,14.1738
4,0.77,3.77,22.6634,24.3159,33.586,58.8012,-5.17085,-9.68671,56.4027,-2.02873,-10.2918,0.476793,0.537562,0.599551,14.1517
4,0.78,3.78,22.6996,24.3223,33.6012,58.814,-5.05147,-9.70128,56.409,-1.891,-10.3013,0.477937,0.537341,0.599695,14.1319
4,0.79,3.79,22.7372,24.3299,33.6174,58.8281,-4.93063,-9.71496,56.4166,-1.75241,-10.3099,0.479103,0.537129,0.599846,14.1143
4,0.8,3.8,22.7761,24.3387,33.6343,58.8435,-4.80836,-9.72767,56.4253,-1.61302,-10.3174,0.480289,0.536927,0.600003,14.0991
4,0.81,3.81,22.8165,24.3488,33.652,58.8603,-4.68468,-9.73931,56.4353,-1.47288,-10.324,0.481496,0.536735,0.600164,14.0865
4,0.82,3.82,22.8581,24.3601,33.6704,58.8783,-4.55961,-9.7498,56.4465,-1.33205,-10.3293,0.482723,0.536552,0.600331,14.0764
4,0.83,3.83,22.9012,24.3726,33.6894,58.8977,-4.43316,-9.75905,56.4589,-1.19056,-10.3333,0.483972,0.536381,0.600502,14.0692
4,0.84,3.84,22.9456,24.3864,33.7091,58.9184,-4.30536,-9.76697,56.4726,-1.04848,-10.336,0.485241,0.536219,0.600677,14.0647
4,0.85,3.85,22.9914,24.4015,33.7293,58.9405,-4.17624,-9.77348,56.4876,-0.905847,-10.3373,0.486532,0.536068,0.600855,14.0632
4,0.86,3.86,23.0386,24.4179,33.7499,58.9639,-4.0458,-9.77849,56.5038,-0.762718,-10.3369,0.487843,0.535928,0.601035,14.0648
4,0.87,3.87,23.0872,24.4355,33.771,58.9887,-3.91407,-9.78193,56.5213,-0.61914,-10.335,0.489175,0.535799,0.601218,14.0694
4,0.88,3.88,23.1371,24.4545,33.7924,59.0148,-3.78107,-9.78371,56.54,-0.47516,-10.3313,0.490527,0.535681,0.601402,14.0773
4,0.89,3.89,23.1884,24.4748,33.8142,59.0424,-3.64682,-9.78376,56.56,-0.330824,-10.3258,0.491901,0.535574,0.601588,14.0885
4,0.9,3.9,23.2411,24.4963,33.8362,59.0712,-3.51135,-9.78199,56.5813,-0.186177,-10.3184,0.493295,0.535478,0.601774,14.1031
4,0.91,3.91,23.2952,24.5192,33.8583,59.1015,-3.37467,-9.77834,56.6039,-0.0412633,-10.3091,0.494709,0.535393,0.60196,14.1211
4,0.92,3.92,23.3506,24.5433,33.8806,59.1331,-3.23681,-9.77272,56.6277,0.103874,-10.2977,0.496144,0.535319,0.602145,14.1426
4,0.93,3.93,23.4073,24.5687,33.903,59.166,-3.09779,-9.76508,56.6528,0.249195,-10.2843,0.4976,0.535256,0.602329,14.1678
4,0.94,3.94,23.4654,24.5955,33.9253,59.2003,-2.95762,-9.75533,56.6791,0.394658,-10.2687,0.499075,0.535205,0.602511,14.1966
4,0.95,3.95,23.5248,24.6235,33.9476,59.2359,-2.81634,-9.74342,56.7067,0.540226,-10.2508,0.50057,0.535164,0.602692,14.2291
4,0.96,3.96,23.5855,24.6528,33.9698,59.2729,-2.67396,-9.72928,56.7355,0.685862,-10.2307,0.502084,0.535134,0.60287,14.2653
4,0.97,3.97,23.6475,24.6833,33.9918,59.3111,-2.5305,-9.71284,56.7655,0.831531,-10.2083,0.503618,0.535116,0.603044,14.3054
4,0.98,3.98,23.7107,24.7151,34.0136,59.3506,-2.38599,-9.69406,56.7967,0.977199,-10.1834,0.505171,0.535108,0.603215,14.3492
4,0.99,3.99,23.7753,24.7481,34.0351,59.3914,-2.24046,-9.67286,56.8292,1.12283,-10.1562,0.506742,0.535111,0.603382,14.397
4,1,4,23.8411,24.7823,34.0563,59.4334,-2.09391,-9.64921,56.8627,1.26841,-10.1264,0.508332,0.535125,0.603544,14.4486
5,0.01,4.01,23.8322,24.7776,34.0274,59.4285,-2.10515,-9.62802,56.8581,1.24932,-10.0959,0.508258,0.53511,0.603287,14.4561
5,0.02,4.02,23.8235,24.7726,33.9982,59.4234,-2.11489,-9.60683,56.8532,1.23183,-10.0655,0.508194,0.535089,0.603029,14.4636
5,0.03,4.03,23.8149,24.7674,33.9688,59.4181,-2.12315,-9.58569,56.8481,1.21592,-10.0352,0.508138,0.535063,0.60277,14.4709
5,0.04,4.04,23.8064,24.7619,33.9392,59.4127,-2.12996,-9.56465,56.8427,1.20159,-10.0052,0.508092,0.53503,0.602509,14.4781
5,0.05,4.05,23.798,24.7562,33.9096,59.407,-2.13535,-9.54375,56.8371,1.18881,-9.97537,0.508054,0.534992,0.602248,14.4851
5,0.06,4.06,23.7897,24.7502,33.8799,59.4012,-2.13936,-9.52305,56.8312,1.17756,-9.94593,0.508024,0.534948,0.601987,14.492
5,0.07,4.07,23.7815,24.7439,33.8502,59.3951,-2.14201,-9.50258,56.8251,1.16782,-9.9169,0.508001,0.534898,0.601726,14.4985
5,0.08,4.08,23.7734,24.7374,33.8205,59.3889,-2.14334,-9.4824,56.8187,1.15957,-9.88832,0.507986,0.534842,0.601466,14.5049
5,0.09,4.09,23.7653,24.7306,33.7909,59.3824,-2.14339,-9.46254,56.812,1.15278,-9.86026,0.507977,0.534781,0.601206,14.5109
5,0.1,4.1,23.7574,24.7236,33.7614,59.3757,-2.14218,-9.44303,56.8051,1.14743,-9.83277,0.507974,0.534714,0.600948,14.5166
5,0.11,4.11,23.7495,24.7163,33.732,59.3689,-2.13975,-9.42394,56.7979,1.14349,-9.8059,0.507978,0.534642,0.600692,14.522
5,0.12,4.12,23.7417,24.7087,33.7029,59.3618,-2.13615,-9.40528,56.7905,1.14093,-9.77971,0.507986,0.534565,0.600438,14.527
5,0.13,4.13,23.734,24.7009,33.674,59.3545,-2.1314,-9.38709,56.7829,1.13973,-9.75424,0.508,0.534482,0.600186,14.5316
5,0.14,4.14,23.7263,24.6929,33.6454,59.347,-2.12555,-9.36942,56.775,1.13985,-9.72954,0.508019,0.534394,0.599938,14.5358
5,0.15,4.15,23.7187,24.6846,33.6171,59.3394,-2.11863,-9.35229,56.7668,1.14127,-9.70565,0.508042,0.534302,0.599692,14.5397
5,0.16,4.16,23.7112,24.6761,33.5892,59.3315,-2.11068,-9.33574,56.7585,1.14394,-9.68262,0.50807,0.534204,0.59945,14.543
5,0.17,4.17,23.7037,24.6674,33.5617,59.3235,-2.10175,-9.31978,56.7499,1.14783,-9.66048,0.508101,0.534102,0.599213,14.546
5,0.18,4.18,23.6963,24.6585,33.5347,59.3153,-2.09187,-9.30447,56.7412,1.15292,-9.63927,0.508136,0.533996,0.598979,14.5485
5,0.19,4.19,23.689,24.6494,33.5081,59.3069,-2.08109,-9.2898,56.7322,1.15916,-9.61903,0.508173,0.533886,0.598751,14.5505
5,0.2,4.2,23.6818,24.6401,33.482,59.2984,-2.06945,-9.27583,56.7231,1.16651,-9.59979,0.508214,0.533772,0.598527,14.5521
5,0.21,4.21,23.6746,24.6307,33.4566,59.2897,-2.05699,-9.26255,56.7138,1.17494,-9.58157,0.508257,0.533654,0.598309,14.5532
5,0.22,4.22,23.6676,24.6211,33.4317,59.2809,-2.04376,-9.25,56.7043,1.1844,-9.56441,0.508302,0.533532,0.598096,14.5538
5,0.23,4.23,23.6606,24.6113,33.4074,59.272,-2.0298,-9.2382,56.6948,1.19486,-9.54833,0.50835,0.533408,0.597889,14.5539
5,0.24,4.24,23.6537,24.6015,33.3839,59.2629,-2.01516,-9.22715,56.685,1.20627,-9.53335,0.508399,0.53328,0.597689,14.5535
5,0.25,4.25,23.647,24.5915,33.361,59.2538,-1.99988,-9.21688,56.6752,1.21859,-9.51949,0.508449,0.53315,0.597495,14.5527
5,0.26,4.26,23.6403,24.5814,33.3389,59.2446,-1.98401,-9.2074,56.6653,1.23177,-9.50676,0.508501,0.533017,0.597308,14.5514
5,0.27,4.27,23.6338,24.5713,33.3175,59.2353,-1.9676,-9.19871,56.6553,1.24578,-9.49518,0.508554,0.532882,0.597128,14.5496
5,0.28,4.28,23.6273,24.5611,33.297,59.226,-1.95069,-9.19083,56.6453,1.26055,-9.48477,0.508608,0.532745,0.596955,14.5474
5,0.29,4.29,23.621,24.5509,33.2772,59.2167,-1.93334,-9.18376,56.6352,1.27605,-9.47551,0.508662,0.532606,0.596791,14.5447
5,0.3,4.3,23.6149,24.5407,33.2584,59.2073,-1.91559,-9.17751,56.6251,1.29223,-9.46743,0.508717,0.532467,0.596633,14.5416
5,0.31,4.31,23.6089,24.5305,33.2404,59.198,-1.89749,-9.17208,56.615,1.30904,-9.46052,0.508772,0.532326,0.596484,14.538
5,0.32,4.32,23.603,24.5203,33.2233,59.1887,-1.87908,-9.16746,56.605,1.32642,-9.45479,0.508828,0.532185,0.596344,14.534
5,0.33,4.33,23.5973,24.5101,33.2071,59.1794,-1.86043,-9.16366,56.595,1.34434,-9.45021,0.508883,0.532043,0.596211,14.5296
5,0.34,4.34,23.5918,24.5001,33.1919,59.1702,-1.84157,-9.16067,56.585,1.36273,-9.4468,0.508938,0.531901,0.596087,14.5248
5,0.35,4.35,23.5865,24.4901,33.1777,59.161,-1.82256,-9.15848,56.5752,1.38154,-9.44453,0.508992,0.53176,0.595972,14.5197
5,0.36,4.36,23.5814,24.4802,33.1644,59.152,-1.80344,-9.15709,56.5654,1.40073,-9.44339,0.509047,0.531619,0.595866,14.5142
5,0.37,4.37,23.5765,24.4705,33.1522,59.1431,-1.78427,-9.15649,56.5558,1.42024,-9.44338,0.5091,0.53148,0.595769,14.5084
5,0.38,4.38,23.5717,24.461,33.1409,59.1344,-1.7651,-9.15665,56.5464,1.44002,-9.44445,0.509153,0.531342,0.595681,14.5022
5,0.39,4.39,23.5673,24.4516,33.1307,59.1258,-1.74596,-9.15758,56.5372,1.46,-9.4466,0.509206,0.531205,0.595602,14.4958
5,0.4,4.4,23.563,24.4425,33.1216,59.1175,-1.72692,-9.15924,56.5281,1.48015,-9.4498,0.509257,0.531071,0.595532,14.4891
5,0.41,4.41,23.559,24.4336,33.1135,59.1093,-1.70802,-9.16162,56.5193,1.5004,-9.45402,0.509308,0.530939,0.595472,14.4822
5,0.42,4.42,23.5553,24.4249,33.1064,59.1014,-1.68931,-9.1647,56.5108,1.5207,-9.45922,0.509358,0.53081,0.595421,14.4751
5,0.43,4.43,23.5519,24.4166,33.1005,59.0938,-1.67083,-9.16846,56.5025,1.54099,-9.46538,0.509407,0.530684,0.59538,14.4678
5,0.44,4.44,23.5487,24.4086,33.0956,59.0865,-1.65263,-9.17286,56.4945,1.56122,-9.47244,0.509455,0.530562,0.595347,14.4604
5,0.45,4.45,23.5459,24.4009,33.0917,59.0794,-1.63477,-9.17789,56.4869,1.58133,-9.48038,0.509502,0.530443,0.595325,14.4529
5,0.46,4.46,23.5433,24.3935,33.089,59.0728,-1.61727,-9.1835,56.4797,1.60128,-9.48915,0.509549,0.530329,0.595311,14.4453
5,0.47,4.47,23.5411,24.3866,33.0873,59.0665,-1.60019,-9.18969,56.4728,1.62099,-9.49871,0.509594,0.53022,0.595307,14.4377
5,0.48,4.48,23.5392,24.3801,33.0867,59.0606,-1.58356,-9.19639,56.4664,1.64043,-9.50899,0.509638,0.530115,0.595312,14.43
5,0.49,4.49,23.5377,24.3741,33.0871,59.0551,-1.56744,-9.2036,56.4604,1.65953,-9.51996,0.509682,0.530016,0.595326,14.4224
5,0.5,4.5,23.5366,24.3685,33.0887,59.05,-1.55186,-9.21126,56.4548,1.67824,-9.53156,0.509725,0.529923,0.595349,14.4148
5,0.51,4.51,23.5358,24.3634,33.0912,59.0454,-1.53686,-9.21934,56.4498,1.69651,-9.54373,0.509768,0.529836,0.595381,14.4074
5,0.52,4.52,23.5354,24.3588,33.0948,59.0414,-1.52248,-9.22779,56.4453,1.71429,-9.55641,0.509809,0.529755,0.595422,14.4001
5,0.53,4.53,23.5354,24.3548,33.0995,59.0378,-1.50876,-9.23659,56.4413,1.73151,-9.56955,0.50985,0.529681,0.595471,14.393
5,0.54,4.54,23.5358,24.3514,33.1051,59.0348,-1.49573,-9.24568,56.4379,1.74814,-9.58307,0.509891,0.529614,0.595529,14.3861
5,0.55,4.55,23.5367,24.3485,33.1117,59.0323,-1.48342,-9.25502,56.4351,1.76412,-9.59692,0.509932,0.529555,0.595595,14.3795
5,0.56,4.56,23.538,24.3463,33.1193,59.0305,-1.47187,-9.26456,56.4329,1.77941,-9.61102,0.509972,0.529504,0.59567,14.3732
5,0.57,4.57,23.5398,24.3447,33.1279,59.0292,-1.46111,-9.27427,56.4313,1.79395,-9.62531,0.510013,0.529461,0.595752,14.3673
5,0.58,4.58,23.542,24.3438,33.1374,59.0286,-1.45116,-9.28408,56.4304,1.80769,-9.63972,0.510054,0.529426,0.595841,14.3618
5,0.59,4.59,23.5447,24.3436,33.1479,59.0287,-1.44206,-9.29395,56.4302,1.8206,-9.65417,0.510095,0.5294,0.595938,14.3567
5,0.6,4.6,23.5479,24.3441,33.1592,59.0295,-1.43383,-9.30384,56.4307,1.83263,-9.6686,0.510136,0.529384,0.596042,14.3521
5,0.61,4.61,23.5516,24.3454,33.1714,59.0309,-1.42649,-9.31368,56.432,1.84373,-9.68292,0.510178,0.529376,0.596153,14.3481
5,0.62,4.62,23.5558,24.3474,33.1844,59.0331,-1.42006,-9.32343,56.434,1.85386,-9.69706,0.510222,0.529379,0.59627,14.3446
5,0.63,4.63,23.5606,24.3503,33.1982,59.0361,-1.41456,-9.33304,56.4368,1.86299,-9.71094,0.510266,0.529391,0.596394,14.3418
5,0.64,4.64,23.5659,24.3539,33.2128,59.0399,-1.41001,-9.34245,56.4404,1.87107,-9.72449,0.510312,0.529414,0.596523,14.3396
5,0.65,4.65,23.5718,24.3583,33.2282,59.0444,-1.40642,-9.3516,56.4448,1.87808,-9.73763,0.510359,0.529447,0.596659,14.3382
5,0.66,4.66,23.5782,24.3636,33.2443,59.0497,-1.40381,-9.36045,56.45,1.88397,-9.75028,0.510408,0.529491,0.596799,14.3375
5,0.67,4.67,23.5852,24.3698,33.261,59.0559,-1.40218,-9.36893,56.4562,1.88872,-9.76236,0.510459,0.529546,0.596944,14.3377
5,0.68,4.68,23.5928,24.3769,33.2784,59.063,-1.40155,-9.377,56.4632,1.8923,-9.77378,0.510512,0.529613,0.597094,14.3387
5,0.69,4.69,23.601,24.3848,33.2964,59.0709,-1.40192,-9.3846,56.471,1.89467,-9.78448,0.510569,0.52969,0.597248,14.3407
5,0.7,4.7,23.6098,24.3937,33.315,59.0797,-1.40329,-9.39167,56.4798,1.89583,-9.79437,0.510628,0.52978,0.597406,14.3436
5,0.71,4.71,23.6192,24.4035,33.3341,59.0895,-1.40567,-9.39816,56.4895,1.89573,-9.80337,0.51069,0.529881,0.597567,14.3475
5,0.72,4.72,23.6292,24.4143,33.3537,59.1001,-1.40906,-9.40401,56.5002,1.89437,-9.81141,0.510755,0.529994,0.597731,14.3524
5,0.73,4.73,23.6399,24.426,33.3738,59.1117,-1.41344,-9.40916,56.5118,1.89173,-9.81841,0.510825,0.530119,0.597898,14.3585
5,0.74,4.74,23.6513,24.4387,33.3942,59.1242,-1.41882,-9.41357,56.5244,1.88779,-9.82428,0.510898,0.530257,0.598067,14.3657
5,0.75,4.75,23.6633,24.4524,33.4151,59.1377,-1.42519,-9.41718,56.5379,1.88254,-9.82896,0.510976,0.530406,0.598239,14.374
5,0.76,4.76,23.6759,24.4671,33.4362,59.1522,-1.43254,-9.41994,56.5524,1.87597,-9.83238,0.511059,0.530569,0.598411,14.3836
5,0.77,4.77,23.6892,24.4828,33.4576,59.1676,-1.44085,-9.42179,56.568,1.86808,-9.83444,0.511147,0.530743,0.598585,14.3945
5,0.78,4.78,23.7032,24.4995,33.4793,59.1841,-1.45012,-9.42268,56.5845,1.85887,-9.8351,0.51124,0.530931,0.598759,14.4066
5,0.79,4.79,23.7179,24.5173,33.5012,59.2015,-1.46032,-9.42256,56.602,1.84833,-9.83427,0.511339,0.531131,0.598933,14.4201
5,0.8,4.8,23.7333,24.536,33.5232,59.22,-1.47143,-9.42139,56.6206,1.83647,-9.83189,0.511444,0.531343,0.599108,14.435
5,0.81,4.81,23.7494,24.5559,33.5453,59.2395,-1.48343,-9.4191,56.6401,1.8233,-9.82789,0.511555,0.531568,0.599281,14.4513
5,0.82,4.82,23.7662,24.5767,33.5675,59.2599,-1.49631,-9.41566,56.6607,1.80882,-9.82222,0.511673,0.531806,0.599454,14.469
5,0.83,4.83,23.7837,24.5986,33.5898,59.2814,-1.51003,-9.41102,56.6823,1.79305,-9.8148,0.511798,0.532057,0.599626,14.4883
5,0.84,4.84,23.8019,24.6216,33.6119,59.304,-1.52456,-9.40513,56.7049,1.77601,-9.80558,0.511931,0.53232,0.599795,14.509
5,0.85,4.85,23.8208,24.6456,33.6341,59.3275,-1.53987,-9.39795,56.7285,1.7577,-9.7945,0.512072,0.532595,0.599963,14.5313
5,0.86,4.86,23.8404,24.6706,33.6561,59.3521,-1.55594,-9.38944,56.7531,1.73817,-9.78152,0.51222,0.532883,0.600128,14.5551
5,0.87,4.87,23.8608,24.6967,33.6779,59.3777,-1.57273,-9.37955,56.7787,1.71743,-9.76658,0.512377,0.533183,0.60029,14.5806
5,0.88,4.88,23.8819,24.7239,33.6996,59.4043,-1.59019,-9.36826,56.8054,1.69551,-9.74964,0.512543,0.533495,0.600448,14.6076
5,0.89,4.89,23.9037,24.752,33.721,59.4319,-1.6083,-9.35552,56.833,1.67244,-9.73065,0.512718,0.533819,0.600603,14.6364
5,0.9,4.9,23.9262,24.7812,33.7421,59.4605,-1.627,-9.34131,56.8616,1.64827,-9.70957,0.512903,0.534155,0.600754,14.6667
5,0.91,4.91,23.9495,24.8114,33.7629,59.4901,-1.64627,-9.32558,56.8912,1.62303,-9.68637,0.513097,0.534503,0.600901,14.6988
5,0.92,4.92,23.9735,24.8426,33.7834,59.5207,-1.66604,-9.30832,56.9218,1.59676,-9.66101,0.513302,0.534861,0.601042,14.7325
5,0.93,4.93,23.9982,24.8748,33.8035,59.5522,-1.68628,-9.28949,56.9533,1.5695,-9.63347,0.513517,0.535231,0.601179,14.7679
5,0.94,4.94,24.0237,24.908,33.8231,59.5848,-1.70694,-9.26906,56.9857,1.54131,-9.60373,0.513743,0.535612,0.601311,14.8051
5,0.95,4.95,24.0498,24.9422,33.8422,59.6182,-1.72797,-9.24703,57.0191,1.51224,-9.57176,0.51398,0.536004,0.601436,14.8439
5,0.96,4.96,24.0767,24.9774,33.8609,59.6527,-1.74931,-9.22336,57.0533,1.48235,-9.53755,0.514229,0.536405,0.601556,14.8845
5,0.97,4.97,24.1043,25.0134,33.879,59.688,-1.77091,-9.19805,57.0885,1.45168,-9.50108,0.514489,0.536817,0.60167,14.9268
5,0.98,4.98,24.1326,25.0504,33.8965,59.7242,-1.79271,-9.17108,57.1245,1.42031,-9.46236,0.514761,0.537239,0.601777,14.9708
5,0.99,4.99,24.1617,25.0883,33.9134,59.7613,-1.81467,-9.14244,57.1614,1.38829,-9.42138,0.515046,0.537669,0.601878,15.0165
5,1,5,24.1914,25.1271,33.9297,59.7993,-1.83671,-9.11212,57.199,1.35569,-9.37814,0.515343,0.538109,0.601971,15.064
