wavelength_nm,D65,A,D50
360,46.6383,6.14462,23.942
361,47.18338,6.305136,24.2438
362,47.72846,6.465652,24.5456
363,48.27354,6.626168,24.8474
364,48.81862,6.786684,25.1492
365,49.3637,6.9472,25.451
366,49.90878,7.12203,25.753
367,50.45386,7.29686,26.055
368,50.99894,7.47169,26.357
369,51.54402,7.64652,26.659
370,52.0891,7.82135,26.961
371,51.87774,8.01104,26.7136
372,51.66638,8.20073,26.4662
373,51.45502,8.39042,26.2188
374,51.24366,8.58011,25.9714
375,51.0323,8.7698,25.724
376,50.82094,8.97486,25.4768
377,50.60958,9.17992,25.2296
378,50.39822,9.38498,24.9824
379,50.18686,9.59004,24.7352
380,49.9755,9.7951,24.488
381,50.44276,10.016,25.0262
382,50.91002,10.2369,25.5644
383,51.37728,10.4578,26.1026
384,51.84454,10.6787,26.6408
385,52.3118,10.8996,27.179
386,52.77908,11.13674,27.7174
387,53.24636,11.37388,28.2558
388,53.71364,11.61102,28.7942
389,54.18092,11.84816,29.3326
390,54.6482,12.0853,29.871
391,57.45886,12.3391,31.8146
392,60.26952,12.5929,33.7582
393,63.08018,12.8467,35.7018
394,65.89084,13.1005,37.6454
395,68.7015,13.3543,39.589
396,71.51218,13.62504,41.5328
397,74.32286,13.89578,43.4766
398,77.13354,14.16652,45.4204
399,79.94422,14.43726,47.3642
400,82.7549,14.708,49.308
401,83.628,14.996,50.0284
402,84.5011,15.284,50.7488
403,85.3742,15.572,51.4692
404,86.2473,15.86,52.1896
405,87.1204,16.148,52.91
406,87.99352,16.45346,53.6306
407,88.86664,16.75892,54.3512
408,89.73976,17.06438,55.0718
409,90.61288,17.36984,55.7924
410,91.486,17.6753,56.513
411,91.68058,17.99838,56.865
412,91.87516,18.32146,57.217
413,92.06974,18.64454,57.569
414,92.26432,18.96762,57.921
415,92.4589,19.2907,58.273
416,92.65348,19.63156,58.6252
417,92.84806,19.97242,58.9774
418,93.04264,20.31328,59.3296
419,93.23722,20.65414,59.6818
420,93.4318,20.995,60.034
421,92.75684,21.35366,59.8124
422,92.08188,21.71232,59.5908
423,91.40692,22.07098,59.3692
424,90.73196,22.42964,59.1476
425,90.057,22.7883,58.926
426,89.38206,23.16482,58.7044
427,88.70712,23.54134,58.4828
428,88.03218,23.91786,58.2612
429,87.35724,24.29438,58.0396
430,86.6823,24.6709,57.818
431,88.50056,25.06522,59.5186
432,90.31882,25.45954,61.2192
433,92.13708,25.85386,62.9198
434,93.95534,26.24818,64.6204
435,95.7736,26.6425,66.321
436,97.59188,27.05454,68.0218
437,99.41016,27.46658,69.7226
438,101.22844,27.87862,71.4234
439,103.04672,28.29066,73.1242
440,104.865,28.7027,74.825
441,106.0792,29.13232,76.0672
442,107.2934,29.56194,77.3094
443,108.5076,29.99156,78.5516
444,109.7218,30.42118,79.7938
445,110.936,30.8508,81.036
446,112.1504,31.29782,82.2782
447,113.3648,31.74484,83.5204
448,114.5792,32.19186,84.7626
449,115.7936,32.63888,86.0048
450,117.008,33.0859,87.247
451,117.0884,33.55008,87.5836
452,117.1688,34.01426,87.9202
453,117.2492,34.47844,88.2568
454,117.3296,34.94262,88.5934
455,117.41,35.4068,88.93
456,117.4904,35.88786,89.2664
457,117.5708,36.36892,89.6028
458,117.6512,36.84998,89.9392
459,117.7316,37.33104,90.2756
460,117.812,37.8121,90.612
461,117.5168,38.30972,90.6876
462,117.2216,38.80734,90.7632
463,116.9264,39.30496,90.8388
464,116.6312,39.80258,90.9144
465,116.336,40.3002,90.99
466,116.041,40.81402,91.0656
467,115.746,41.32784,91.1412
468,115.451,41.84166,91.2168
469,115.156,42.35548,91.2924
470,114.861,42.8693,91.368
471,114.9672,43.39892,91.742
472,115.0734,43.92854,92.116
473,115.1796,44.45816,92.49
474,115.2858,44.98778,92.864
475,115.392,45.5174,93.238
476,115.4982,46.06238,93.6122
477,115.6044,46.60736,93.9864
478,115.7106,47.15234,94.3606
479,115.8168,47.69732,94.7348
480,115.923,48.2423,95.109
481,115.2118,48.8022,94.7944
482,114.5006,49.3621,94.4798
483,113.7894,49.922,94.1652
484,113.0782,50.4819,93.8506
485,112.367,51.0418,93.536
486,111.6558,51.61608,93.2214
487,110.9446,52.19036,92.9068
488,110.2334,52.76464,92.5922
489,109.5222,53.33892,92.2776
490,108.811,53.9132,91.963
491,108.8652,54.50134,92.339
492,108.9194,55.08948,92.715
493,108.9736,55.67762,93.091
494,109.0278,56.26576,93.467
495,109.082,56.8539,93.843
496,109.1364,57.45534,94.2192
497,109.1908,58.05678,94.5954
498,109.2452,58.65822,94.9716
499,109.2996,59.25966,95.3478
500,109.354,59.8611,95.724
501,109.1988,60.47528,95.813
502,109.0436,61.08946,95.902
503,108.8884,61.70364,95.991
504,108.7332,62.31782,96.08
505,108.578,62.932,96.169
506,108.4228,63.5583,96.2578
507,108.2676,64.1846,96.3466
508,108.1124,64.8109,96.4354
509,107.9572,65.4372,96.5242
510,107.802,66.0635,96.613
511,107.5008,66.7013,96.6646
512,107.1996,67.3391,96.7162
513,106.8984,67.9769,96.7678
514,106.5972,68.6147,96.8194
515,106.296,69.2525,96.871
516,105.9948,69.90118,96.9226
517,105.6936,70.54986,96.9742
518,105.3924,71.19854,97.0258
519,105.0912,71.84722,97.0774
520,104.79,72.4959,97.129
521,105.0798,73.15478,97.626
522,105.3696,73.81366,98.123
523,105.6594,74.47254,98.62
524,105.9492,75.13142,99.117
525,106.239,75.7903,99.614
526,106.529,76.45876,100.111
527,106.819,77.12722,100.608
528,107.109,77.79568,101.105
529,107.399,78.46414,101.602
530,107.689,79.1326,102.099
531,107.3606,79.80994,101.9646
532,107.0322,80.48728,101.8302
533,106.7038,81.16462,101.6958
534,106.3754,81.84196,101.5614
535,106.047,82.5193,101.427
536,105.7186,83.20484,101.2926
537,105.3902,83.89038,101.1582
538,105.0618,84.57592,101.0238
539,104.7334,85.26146,100.8894
540,104.405,85.947,100.755
541,104.369,86.64008,100.9112
542,104.333,87.33316,101.0674
543,104.297,88.02624,101.2236
544,104.261,88.71932,101.3798
545,104.225,89.4124,101.536
546,104.1892,90.11232,101.6922
547,104.1534,90.81224,101.8484
548,104.1176,91.51216,102.0046
549,104.0818,92.21208,102.1608
550,104.046,92.912,102.317
551,103.6414,93.61806,102.0854
552,103.2368,94.32412,101.8538
553,102.8322,95.03018,101.6222
554,102.4276,95.73624,101.3906
555,102.023,96.4423,101.159
556,101.6184,97.15384,100.9272
557,101.2138,97.86538,100.6954
558,100.8092,98.57692,100.4636
559,100.4046,99.28846,100.2318
560,100,100,100
561,99.63342,100.7164,99.7736
562,99.26684,101.4328,99.5472
563,98.90026,102.1492,99.3208
564,98.53368,102.8656,99.0944
565,98.1671,103.582,98.868
566,97.80052,104.3024,98.6414
567,97.43394,105.0228,98.4148
568,97.06736,105.7432,98.1882
569,96.70078,106.4636,97.9616
570,96.3342,107.184,97.735
571,96.27958,107.9078,97.8534
572,96.22496,108.6316,97.9718
573,96.17034,109.3554,98.0902
574,96.11572,110.0792,98.2086
575,96.0611,110.803,98.327
576,96.00648,111.5296,98.4452
577,95.95186,112.2562,98.5634
578,95.89724,112.9828,98.6816
579,95.84262,113.7094,98.7998
580,95.788,114.436,98.918
581,95.07776,115.1648,98.376
582,94.36752,115.8936,97.834
583,93.65728,116.6224,97.292
584,92.94704,117.3512,96.75
585,92.2368,118.08,96.208
586,91.52656,118.8102,95.6662
587,90.81632,119.5404,95.1244
588,90.10608,120.2706,94.5826
589,89.39584,121.0008,94.0408
590,88.6856,121.731,93.499
591,88.81766,122.462,93.9178
592,88.94972,123.193,94.3366
593,89.08178,123.924,94.7554
594,89.21384,124.655,95.1742
595,89.3459,125.386,95.593
596,89.47796,126.1174,96.012
597,89.61002,126.8488,96.431
598,89.74208,127.5802,96.85
599,89.87414,128.3116,97.269
600,90.0062,129.043,97.688
601,89.96548,129.7738,97.846
602,89.92476,130.5046,98.004
603,89.88404,131.2354,98.162
604,89.84332,131.9662,98.32
605,89.8026,132.697,98.478
606,89.7619,133.4268,98.6362
607,89.7212,134.1566,98.7944
608,89.6805,134.8864,98.9526
609,89.6398,135.6162,99.1108
610,89.5991,136.346,99.269
611,89.40906,137.0744,99.2462
612,89.21902,137.8028,99.2234
613,89.02898,138.5312,99.2006
614,88.83894,139.2596,99.1778
615,88.6489,139.988,99.155
616,88.45886,140.714,99.1324
617,88.26882,141.44,99.1098
618,88.07878,142.166,99.0872
619,87.88874,142.892,99.0646
620,87.6987,143.618,99.042
621,87.25768,144.3414,98.71
622,86.81666,145.0648,98.378
623,86.37564,145.7882,98.046
624,85.93462,146.5116,97.714
625,85.4936,147.235,97.382
626,85.0526,147.9552,97.05
627,84.6116,148.6754,96.718
628,84.1706,149.3956,96.386
629,83.7296,150.1158,96.054
630,83.2886,150.836,95.722
631,83.32966,151.5524,96.0356
632,83.37072,152.2688,96.3492
633,83.41178,152.9852,96.6628
634,83.45284,153.7016,96.9764
635,83.4939,154.418,97.29
636,83.53496,155.1302,97.6034
637,83.57602,155.8424,97.9168
638,83.61708,156.5546,98.2302
639,83.65814,157.2668,98.5436
640,83.6992,157.979,98.857
641,83.33196,158.6864,98.538
642,82.96472,159.3938,98.219
643,82.59748,160.1012,97.9
644,82.23024,160.8086,97.581
645,81.863,161.516,97.262
646,81.49576,162.2184,96.943
647,81.12852,162.9208,96.624
648,80.76128,163.6232,96.305
649,80.39404,164.3256,95.986
650,80.0268,165.028,95.667
651,80.04558,165.7244,95.9194
652,80.06436,166.4208,96.1718
653,80.08314,167.1172,96.4242
654,80.10192,167.8136,96.6766
655,80.1207,168.51,96.929
656,80.13948,169.2006,97.1812
657,80.15826,169.8912,97.4334
658,80.17704,170.5818,97.6856
659,80.19582,171.2724,97.9378
660,80.2146,171.963,98.19
661,80.42092,172.647,98.6714
662,80.62724,173.331,99.1528
663,80.83356,174.015,99.6342
664,81.03988,174.699,100.1156
665,81.2462,175.383,100.597
666,81.45252,176.0602,101.0782
667,81.65884,176.7374,101.5594
668,81.86516,177.4146,102.0406
669,82.07148,178.0918,102.5218
670,82.2778,178.769,103.003
671,81.87844,179.4388,102.616
672,81.47908,180.1086,102.229
673,81.07972,180.7784,101.842
674,80.68036,181.4482,101.455
675,80.281,182.118,101.068
676,79.88164,182.7802,100.681
677,79.48228,183.4424,100.294
678,79.08292,184.1046,99.907
679,78.68356,184.7668,99.52
680,78.2842,185.429,99.133
681,77.4279,186.0834,97.9578
682,76.5716,186.7378,96.7826
683,75.7153,187.3922,95.6074
684,74.859,188.0466,94.4322
685,74.0027,188.701,93.257
686,73.14642,189.347,92.0818
687,72.29014,189.993,90.9066
688,71.43386,190.639,89.7314
689,70.57758,191.285,88.5562
690,69.7213,191.931,87.381
691,69.91008,192.5684,87.8032
692,70.09886,193.2058,88.2254
693,70.28764,193.8432,88.6476
694,70.47642,194.4806,89.0698
695,70.6652,195.118,89.492
696,70.85398,195.7466,89.9144
697,71.04276,196.3752,90.3368
698,71.23154,197.0038,90.7592
699,71.42032,197.6324,91.1816
700,71.6091,198.261,91.604
701,71.88308,198.8806,91.7324
702,72.15706,199.5002,91.8608
703,72.43104,200.1198,91.9892
704,72.70502,200.7394,92.1176
705,72.979,201.359,92.246
706,73.253,201.969,92.3746
707,73.527,202.579,92.5032
708,73.801,203.189,92.6318
709,74.075,203.799,92.7604
710,74.349,204.409,92.889
711,73.0745,205.0094,91.2856
712,71.8,205.6098,89.6822
713,70.5255,206.2102,88.0788
714,69.251,206.8106,86.4754
715,67.9765,207.411,84.872
716,66.702,208.0018,83.2684
717,65.4275,208.5926,81.6648
718,64.153,209.1834,80.0612
719,62.8785,209.7742,78.4576
720,61.604,210.365,76.854
721,62.43216,210.9456,77.8198
722,63.26032,211.5262,78.7856
723,64.08848,212.1068,79.7514
724,64.91664,212.6874,80.7172
725,65.7448,213.268,81.683
726,66.57296,213.8384,82.6486
727,67.40112,214.4088,83.6142
728,68.22928,214.9792,84.5798
729,69.05744,215.5496,85.5454
730,69.8856,216.12,86.511
731,70.40574,216.68,87.118
732,70.92588,217.24,87.725
733,71.44602,217.8,88.332
734,71.96616,218.36,88.939
735,72.4863,218.92,89.546
736,73.00644,219.4694,90.1528
737,73.52658,220.0188,90.7596
738,74.04672,220.5682,91.3664
739,74.56686,221.1176,91.9732
740,75.087,221.667,92.58
741,73.93756,222.2058,91.145
742,72.78812,222.7446,89.71
743,71.63868,223.2834,88.275
744,70.48924,223.8222,86.84
745,69.3398,224.361,85.405
746,68.19038,224.8888,83.97
747,67.04096,225.4166,82.535
748,65.89154,225.9444,81.1
749,64.74212,226.4722,79.665
750,63.5927,227,78.23
751,61.87524,227.517,76.1762
752,60.15778,228.034,74.1224
753,58.44032,228.551,72.0686
754,56.72286,229.068,70.0148
755,55.0054,229.585,67.961
756,53.28796,230.091,65.9072
757,51.57052,230.597,63.8534
758,49.85308,231.103,61.7996
759,48.13564,231.609,59.7458
760,46.4182,232.115,57.692
761,48.45692,232.6098,60.215
762,50.49564,233.1046,62.738
763,52.53436,233.5994,65.261
764,54.57308,234.0942,67.784
765,56.6118,234.589,70.307
766,58.65052,235.0728,72.8302
767,60.68924,235.5566,75.3534
768,62.72796,236.0404,77.8766
769,64.76668,236.5242,80.3998
770,66.8054,237.008,82.923
771,66.46314,237.4804,82.4582
772,66.12088,237.9528,81.9934
773,65.77862,238.4252,81.5286
774,65.43636,238.8976,81.0638
775,65.0941,239.37,80.599
776,64.75184,239.831,80.134
777,64.40958,240.292,79.669
778,64.06732,240.753,79.204
779,63.72506,241.214,78.739
780,63.3828,241.675,78.274
781,63.3828,241.675,78.274
782,63.3828,241.675,78.274
783,63.3828,241.675,78.274
784,63.3828,241.675,78.274
785,63.3828,241.675,78.274
786,63.3828,241.675,78.274
787,63.3828,241.675,78.274
788,63.3828,241.675,78.274
789,63.3828,241.675,78.274
790,63.3828,241.675,78.274
791,63.3828,241.675,78.274
792,63.3828,241.675,78.274
793,63.3828,241.675,78.274
794,63.3828,241.675,78.274
795,63.3828,241.675,78.274
796,63.3828,241.675,78.274
797,63.3828,241.675,78.274
798,63.3828,241.675,78.274
799,63.3828,241.675,78.274
800,63.3828,241.675,78.274
801,63.3828,241.675,78.274
802,63.3828,241.675,78.274
803,63.3828,241.675,78.274
804,63.3828,241.675,78.274
805,63.3828,241.675,78.274
806,63.3828,241.675,78.274
807,63.3828,241.675,78.274
808,63.3828,241.675,78.274
809,63.3828,241.675,78.274
810,63.3828,241.675,78.274
811,63.3828,241.675,78.274
812,63.3828,241.675,78.274
813,63.3828,241.675,78.274
814,63.3828,241.675,78.274
815,63.3828,241.675,78.274
816,63.3828,241.675,78.274
817,63.3828,241.675,78.274
818,63.3828,241.675,78.274
819,63.3828,241.675,78.274
820,63.3828,241.675,78.274
821,63.3828,241.675,78.274
822,63.3828,241.675,78.274
823,63.3828,241.675,78.274
824,63.3828,241.675,78.274
825,63.3828,241.675,78.274
826,63.3828,241.675,78.274
827,63.3828,241.675,78.274
828,63.3828,241.675,78.274
829,63.3828,241.675,78.274
830,63.3828,241.675,78.274
